{
    "images": [
        {
            "height": 274,
            "width": 184,
            "id": 1,
            "file_name": "D:/labelimg/data/mask/label_46_poly\\1.jpg"
        },
        {
            "height": 225,
            "width": 225,
            "id": 2,
            "file_name": "D:/labelimg/data/mask/label_46_poly\\10.jpg"
        },
        {
            "height": 263,
            "width": 244,
            "id": 3,
            "file_name": "D:/labelimg/data/mask/label_46_poly\\100.jpg"
        },
        {
            "height": 264,
            "width": 191,
            "id": 4,
            "file_name": "D:/labelimg/data/mask/label_46_poly\\101.jpg"
        },
        {
            "height": 428,
            "width": 320,
            "id": 5,
            "file_name": "D:/labelimg/data/mask/label_46_poly\\102.jpg"
        },
        {
            "height": 428,
            "width": 320,
            "id": 6,
            "file_name": "D:/labelimg/data/mask/label_46_poly\\103.jpg"
        },
        {
            "height": 347,
            "width": 263,
            "id": 7,
            "file_name": "D:/labelimg/data/mask/label_46_poly\\104.jpg"
        },
        {
            "height": 225,
            "width": 225,
            "id": 8,
            "file_name": "D:/labelimg/data/mask/label_46_poly\\105.jpg"
        },
        {
            "height": 284,
            "width": 252,
            "id": 9,
            "file_name": "D:/labelimg/data/mask/label_46_poly\\106.jpg"
        },
        {
            "height": 381,
            "width": 276,
            "id": 10,
            "file_name": "D:/labelimg/data/mask/label_46_poly\\107.jpg"
        },
        {
            "height": 433,
            "width": 320,
            "id": 11,
            "file_name": "D:/labelimg/data/mask/label_46_poly\\108.jpg"
        },
        {
            "height": 366,
            "width": 351,
            "id": 12,
            "file_name": "D:/labelimg/data/mask/label_46_poly\\109.jpg"
        },
        {
            "height": 225,
            "width": 225,
            "id": 13,
            "file_name": "D:/labelimg/data/mask/label_46_poly\\11.jpg"
        },
        {
            "height": 428,
            "width": 320,
            "id": 14,
            "file_name": "D:/labelimg/data/mask/label_46_poly\\110.jpg"
        },
        {
            "height": 240,
            "width": 224,
            "id": 15,
            "file_name": "D:/labelimg/data/mask/label_46_poly\\111.jpg"
        },
        {
            "height": 225,
            "width": 225,
            "id": 16,
            "file_name": "D:/labelimg/data/mask/label_46_poly\\112.jpg"
        },
        {
            "height": 194,
            "width": 259,
            "id": 17,
            "file_name": "D:/labelimg/data/mask/label_46_poly\\113.jpg"
        },
        {
            "height": 303,
            "width": 244,
            "id": 18,
            "file_name": "D:/labelimg/data/mask/label_46_poly\\114.jpg"
        },
        {
            "height": 217,
            "width": 232,
            "id": 19,
            "file_name": "D:/labelimg/data/mask/label_46_poly\\115.jpg"
        },
        {
            "height": 168,
            "width": 299,
            "id": 20,
            "file_name": "D:/labelimg/data/mask/label_46_poly\\116.jpg"
        },
        {
            "height": 217,
            "width": 232,
            "id": 21,
            "file_name": "D:/labelimg/data/mask/label_46_poly\\117.jpg"
        },
        {
            "height": 249,
            "width": 167,
            "id": 22,
            "file_name": "D:/labelimg/data/mask/label_46_poly\\118.jpg"
        },
        {
            "height": 258,
            "width": 209,
            "id": 23,
            "file_name": "D:/labelimg/data/mask/label_46_poly\\119.jpg"
        },
        {
            "height": 141,
            "width": 114,
            "id": 24,
            "file_name": "D:/labelimg/data/mask/label_46_poly\\12.jpg"
        },
        {
            "height": 254,
            "width": 198,
            "id": 25,
            "file_name": "D:/labelimg/data/mask/label_46_poly\\120.jpg"
        },
        {
            "height": 433,
            "width": 327,
            "id": 26,
            "file_name": "D:/labelimg/data/mask/label_46_poly\\121.jpg"
        },
        {
            "height": 322,
            "width": 231,
            "id": 27,
            "file_name": "D:/labelimg/data/mask/label_46_poly\\122.jpg"
        },
        {
            "height": 551,
            "width": 390,
            "id": 28,
            "file_name": "D:/labelimg/data/mask/label_46_poly\\123.jpg"
        },
        {
            "height": 428,
            "width": 320,
            "id": 29,
            "file_name": "D:/labelimg/data/mask/label_46_poly\\124.jpg"
        },
        {
            "height": 183,
            "width": 275,
            "id": 30,
            "file_name": "D:/labelimg/data/mask/label_46_poly\\125.jpg"
        },
        {
            "height": 166,
            "width": 303,
            "id": 31,
            "file_name": "D:/labelimg/data/mask/label_46_poly\\126.jpg"
        },
        {
            "height": 800,
            "width": 531,
            "id": 32,
            "file_name": "D:/labelimg/data/mask/label_46_poly\\127.jpg"
        },
        {
            "height": 428,
            "width": 320,
            "id": 33,
            "file_name": "D:/labelimg/data/mask/label_46_poly\\128.jpg"
        },
        {
            "height": 208,
            "width": 242,
            "id": 34,
            "file_name": "D:/labelimg/data/mask/label_46_poly\\129.jpg"
        },
        {
            "height": 141,
            "width": 114,
            "id": 35,
            "file_name": "D:/labelimg/data/mask/label_46_poly\\13.jpg"
        },
        {
            "height": 455,
            "width": 332,
            "id": 36,
            "file_name": "D:/labelimg/data/mask/label_46_poly\\130.jpg"
        },
        {
            "height": 332,
            "width": 230,
            "id": 37,
            "file_name": "D:/labelimg/data/mask/label_46_poly\\131.jpg"
        },
        {
            "height": 252,
            "width": 237,
            "id": 38,
            "file_name": "D:/labelimg/data/mask/label_46_poly\\132.jpg"
        },
        {
            "height": 428,
            "width": 320,
            "id": 39,
            "file_name": "D:/labelimg/data/mask/label_46_poly\\133.jpg"
        },
        {
            "height": 221,
            "width": 228,
            "id": 40,
            "file_name": "D:/labelimg/data/mask/label_46_poly\\134.jpg"
        },
        {
            "height": 433,
            "width": 327,
            "id": 41,
            "file_name": "D:/labelimg/data/mask/label_46_poly\\135.jpg"
        },
        {
            "height": 446,
            "width": 459,
            "id": 42,
            "file_name": "D:/labelimg/data/mask/label_46_poly\\136.jpg"
        },
        {
            "height": 433,
            "width": 327,
            "id": 43,
            "file_name": "D:/labelimg/data/mask/label_46_poly\\137.jpg"
        },
        {
            "height": 428,
            "width": 320,
            "id": 44,
            "file_name": "D:/labelimg/data/mask/label_46_poly\\138.jpg"
        },
        {
            "height": 428,
            "width": 320,
            "id": 45,
            "file_name": "D:/labelimg/data/mask/label_46_poly\\139.jpg"
        },
        {
            "height": 433,
            "width": 320,
            "id": 46,
            "file_name": "D:/labelimg/data/mask/label_46_poly\\140.jpg"
        }
    ],
    "categories": [
        {
            "supercategory": "mask",
            "id": 1,
            "name": "mask"
        }
    ],
    "annotations": [
        {
            "iscrowd": 0,
            "image_id": 1,
            "bbox": [
                69.0,
                106.0,
                66.0,
                46.0
            ],
            "segmentation": [
                [
                    75.58774373259052,
                    106.40668523676881,
                    94.52924791086352,
                    106.96378830083566,
                    111.24233983286908,
                    110.5849582172702,
                    125.72701949860726,
                    122.2841225626741,
                    135.47632311977716,
                    131.19777158774374,
                    128.79108635097495,
                    151.2534818941504,
                    109.57103064066854,
                    152.36768802228414,
                    92.30083565459611,
                    146.51810584958218,
                    80.32311977715878,
                    139.55431754874652,
                    69.18105849582173,
                    128.96935933147634
                ]
            ],
            "category_id": 1,
            "id": 1,
            "area": 50416
        },
        {
            "iscrowd": 0,
            "image_id": 2,
            "bbox": [
                69.0,
                87.0,
                79.0,
                52.0
            ],
            "segmentation": [
                [
                    69.89931350114416,
                    99.31350114416476,
                    91.86727688787184,
                    91.30434782608695,
                    106.97025171624713,
                    87.18535469107552,
                    122.53089244851259,
                    90.61784897025171,
                    135.80320366132722,
                    96.5675057208238,
                    148.84668192219678,
                    102.74599542334096,
                    147.93135011441646,
                    115.78947368421052,
                    147.24485125858124,
                    127.00228832951944,
                    142.8970251716247,
                    131.57894736842104,
                    131.45537757437071,
                    136.15560640732267,
                    112.23340961098398,
                    139.1304347826087,
                    97.35926773455378,
                    137.29977116704805,
                    86.60411899313502,
                    135.01144164759725,
                    76.53546910755148,
                    131.12128146453088,
                    73.78947368421052,
                    128.60411899313502,
                    70.35697940503432,
                    113.50114416475972
                ]
            ],
            "category_id": 1,
            "id": 2,
            "area": 50625
        },
        {
            "iscrowd": 0,
            "image_id": 3,
            "bbox": [
                73.0,
                145.0,
                109.0,
                73.0
            ],
            "segmentation": [
                [
                    73.88770053475935,
                    164.1711229946524,
                    99.02139037433153,
                    151.06951871657753,
                    121.48128342245988,
                    145.45454545454544,
                    142.87165775401067,
                    148.1283422459893,
                    157.0427807486631,
                    154.81283422459893,
                    181.6417112299465,
                    164.97326203208556,
                    182.97860962566844,
                    186.36363636363635,
                    182.44385026737967,
                    202.40641711229947,
                    168.27272727272725,
                    210.96256684491976,
                    150.35828877005346,
                    215.50802139037432,
                    131.9090909090909,
                    218.44919786096256,
                    116.40106951871655,
                    217.6470588235294,
                    99.5561497326203,
                    214.4385026737968,
                    81.37433155080214,
                    206.951871657754,
                    77.89839572192511,
                    202.67379679144383,
                    74.42245989304811,
                    183.15508021390374
                ]
            ],
            "category_id": 1,
            "id": 3,
            "area": 64172
        },
        {
            "iscrowd": 0,
            "image_id": 4,
            "bbox": [
                52.0,
                126.0,
                91.0,
                67.0
            ],
            "segmentation": [
                [
                    53.24731182795699,
                    143.01075268817203,
                    64.0,
                    137.63440860215053,
                    80.12903225806451,
                    130.64516129032256,
                    93.83870967741936,
                    126.61290322580645,
                    112.38709677419354,
                    130.91397849462365,
                    128.247311827957,
                    136.8279569892473,
                    142.76344086021504,
                    144.89247311827955,
                    143.56989247311827,
                    162.36559139784944,
                    143.56989247311827,
                    176.88172043010752,
                    134.69892473118279,
                    184.94623655913978,
                    112.38709677419354,
                    193.54838709677418,
                    96.79569892473117,
                    193.54838709677418,
                    81.47311827956989,
                    190.59139784946237,
                    64.53763440860214,
                    186.02150537634407,
                    56.47311827956989,
                    181.18279569892474,
                    53.51612903225805,
                    168.27956989247312,
                    52.978494623655905,
                    153.76344086021504
                ]
            ],
            "category_id": 1,
            "id": 4,
            "area": 50424
        },
        {
            "iscrowd": 0,
            "image_id": 5,
            "bbox": [
                87.0,
                208.0,
                175.0,
                144.0
            ],
            "segmentation": [
                [
                    88.45414847161572,
                    245.41484716157206,
                    108.10480349344977,
                    234.49781659388645,
                    129.93886462882097,
                    220.5240174672489,
                    156.5764192139738,
                    208.73362445414847,
                    176.22707423580783,
                    209.6069868995633,
                    203.30131004366814,
                    217.90393013100436,
                    229.50218340611355,
                    229.6943231441048,
                    253.95633187772927,
                    242.35807860262008,
                    260.5065502183406,
                    247.16157205240174,
                    262.2532751091703,
                    289.95633187772927,
                    258.3231441048035,
                    311.7903930131004,
                    254.8296943231441,
                    326.2008733624454,
                    231.68558951965065,
                    340.6113537117904,
                    198.06113537117903,
                    352.4017467248908,
                    165.31004366812226,
                    352.83842794759823,
                    126.44541484716154,
                    344.9781659388646,
                    106.35807860262008,
                    336.24454148471614,
                    97.62445414847161,
                    331.4410480349345,
                    92.82096069868996,
                    310.04366812227073,
                    87.14410480349343,
                    278.6026200873362
                ]
            ],
            "category_id": 1,
            "id": 5,
            "area": 136960
        },
        {
            "iscrowd": 0,
            "image_id": 6,
            "bbox": [
                82.0,
                208.0,
                182.0,
                137.0
            ],
            "segmentation": [
                [
                    82.34061135371178,
                    241.48471615720524,
                    109.85152838427948,
                    226.63755458515283,
                    131.68558951965065,
                    215.72052401746726,
                    152.2096069868996,
                    208.29694323144105,
                    174.91703056768557,
                    210.9170305676856,
                    199.80786026200872,
                    219.65065502183407,
                    229.93886462882097,
                    227.94759825327512,
                    253.08296943231443,
                    238.42794759825327,
                    262.68995633187774,
                    244.97816593886463,
                    264.0,
                    276.85589519650654,
                    260.94323144104806,
                    303.9301310043668,
                    253.51965065502185,
                    320.08733624454146,
                    220.76855895196508,
                    337.117903930131,
                    188.45414847161572,
                    344.5414847161572,
                    154.3930131004367,
                    345.85152838427945,
                    119.02183406113537,
                    335.8078602620087,
                    92.82096069868996,
                    324.0174672489083,
                    87.58078602620088,
                    300.4366812227074,
                    82.7772925764192,
                    275.5458515283843
                ]
            ],
            "category_id": 1,
            "id": 6,
            "area": 136960
        },
        {
            "iscrowd": 0,
            "image_id": 7,
            "bbox": [
                36.0,
                182.0,
                149.0,
                101.0
            ],
            "segmentation": [
                [
                    36.52296819787986,
                    207.06713780918727,
                    50.65724381625441,
                    192.93286219081273,
                    66.55830388692578,
                    183.74558303886926,
                    82.45936395759716,
                    182.68551236749116,
                    102.60070671378091,
                    186.2190812720848,
                    132.98939929328623,
                    193.9929328621908,
                    163.73144876325085,
                    201.7667844522968,
                    183.8727915194346,
                    210.24734982332154,
                    185.63957597173146,
                    228.26855123674912,
                    184.57950530035333,
                    246.64310954063603,
                    178.2190812720848,
                    260.7773851590106,
                    176.452296819788,
                    263.95759717314485,
                    158.07773851590105,
                    269.6113074204947,
                    138.64310954063603,
                    276.3250883392226,
                    104.72084805653711,
                    281.62544169611306,
                    71.15194346289752,
                    283.39222614840986,
                    42.17667844522967,
                    268.19787985865725,
                    38.9964664310954,
                    258.30388692579504
                ]
            ],
            "category_id": 1,
            "id": 7,
            "area": 91261
        },
        {
            "iscrowd": 0,
            "image_id": 8,
            "bbox": [
                58.0,
                98.0,
                110.0,
                71.0
            ],
            "segmentation": [
                [
                    58.91533180778032,
                    115.33180778032036,
                    77.22196796338673,
                    107.32265446224255,
                    98.04576659038901,
                    99.77116704805492,
                    110.17391304347825,
                    98.39816933638444,
                    127.79405034324941,
                    100.22883295194508,
                    144.27002288329518,
                    106.40732265446223,
                    159.83066361556064,
                    113.04347826086956,
                    168.52631578947367,
                    117.162471395881,
                    168.2974828375286,
                    143.70709382151028,
                    164.17848970251717,
                    156.52173913043478,
                    147.24485125858124,
                    164.07322654462243,
                    122.07322654462243,
                    169.10755148741418,
                    101.93592677345538,
                    167.5057208237986,
                    85.00228832951944,
                    164.98855835240275,
                    66.23798627002289,
                    157.66590389016017,
                    62.576659038901596,
                    151.48741418764303,
                    58.45766590389016,
                    132.72311212814645
                ]
            ],
            "category_id": 1,
            "id": 8,
            "area": 50625
        },
        {
            "iscrowd": 0,
            "image_id": 9,
            "bbox": [
                59.0,
                190.0,
                127.0,
                75.0
            ],
            "segmentation": [
                [
                    59.901734104046255,
                    207.80346820809248,
                    83.3121387283237,
                    200.0,
                    109.90173410404626,
                    191.90751445086704,
                    132.73410404624278,
                    190.1734104046243,
                    156.4335260115607,
                    195.3757225433526,
                    185.33526011560693,
                    210.11560693641619,
                    186.49132947976878,
                    234.68208092485548,
                    184.17919075144508,
                    249.42196531791907,
                    165.68208092485548,
                    260.6936416184971,
                    150.07514450867052,
                    265.60693641618496,
                    127.82080924855492,
                    265.3179190751445,
                    103.2543352601156,
                    262.1387283236994,
                    78.97687861271677,
                    257.514450867052,
                    69.15028901734104,
                    252.60115606936415,
                    64.23699421965318,
                    248.5549132947977,
                    59.901734104046255,
                    224.5664739884393
                ]
            ],
            "category_id": 1,
            "id": 9,
            "area": 71568
        },
        {
            "iscrowd": 0,
            "image_id": 10,
            "bbox": [
                36.0,
                229.0,
                172.0,
                102.0
            ],
            "segmentation": [
                [
                    36.85271317829458,
                    253.48837209302326,
                    77.55038759689921,
                    242.63565891472868,
                    117.86046511627907,
                    231.7829457364341,
                    145.37984496124028,
                    229.84496124031008,
                    162.82170542635657,
                    229.45736434108525,
                    179.10077519379843,
                    236.82170542635657,
                    200.80620155038758,
                    248.44961240310076,
                    208.17054263565893,
                    256.2015503875969,
                    207.39534883720927,
                    306.5891472868217,
                    196.93023255813955,
                    319.7674418604651,
                    168.24806201550388,
                    331.0077519379845,
                    105.06976744186045,
                    326.74418604651163,
                    52.74418604651163,
                    314.72868217054264,
                    44.992248062015506,
                    304.65116279069764,
                    37.24031007751938,
                    276.74418604651163
                ]
            ],
            "category_id": 1,
            "id": 10,
            "area": 105156
        },
        {
            "iscrowd": 0,
            "image_id": 11,
            "bbox": [
                59.0,
                226.0,
                180.0,
                130.0
            ],
            "segmentation": [
                [
                    59.79735682819384,
                    258.59030837004406,
                    100.3259911894273,
                    238.76651982378854,
                    138.21145374449338,
                    226.43171806167402,
                    162.0,
                    226.43171806167402,
                    188.87224669603523,
                    237.0044052863436,
                    223.67400881057267,
                    251.98237885462555,
                    238.21145374449338,
                    261.23348017621146,
                    239.9735682819383,
                    300.4405286343612,
                    234.24669603524228,
                    331.7180616740088,
                    224.55506607929516,
                    339.20704845814976,
                    191.51541850220264,
                    353.30396475770925,
                    166.8458149779736,
                    356.82819383259914,
                    126.31718061674007,
                    353.74449339207047,
                    90.19383259911893,
                    347.13656387665196,
                    73.45374449339207,
                    338.76651982378854,
                    67.2863436123348,
                    332.59911894273125,
                    64.20264317180616,
                    314.9779735682819,
                    60.6784140969163,
                    293.8325991189427
                ]
            ],
            "category_id": 1,
            "id": 11,
            "area": 138560
        },
        {
            "iscrowd": 0,
            "image_id": 12,
            "bbox": [
                76.0,
                188.0,
                143.0,
                94.0
            ],
            "segmentation": [
                [
                    77.1044776119403,
                    211.56716417910445,
                    98.74626865671641,
                    198.50746268656715,
                    121.13432835820893,
                    188.0597014925373,
                    152.8507462686567,
                    192.53731343283582,
                    219.64179104477608,
                    213.0597014925373,
                    219.64179104477608,
                    244.02985074626864,
                    214.04477611940297,
                    261.56716417910445,
                    198.37313432835822,
                    269.4029850746268,
                    162.17910447761193,
                    279.4776119402985,
                    136.0597014925373,
                    282.46268656716416,
                    100.61194029850745,
                    275.0,
                    83.44776119402985,
                    266.7910447761194,
                    78.59701492537312,
                    246.6417910447761,
                    76.35820895522386,
                    227.98507462686567
                ]
            ],
            "category_id": 1,
            "id": 12,
            "area": 128466
        },
        {
            "iscrowd": 0,
            "image_id": 13,
            "bbox": [
                69.0,
                88.0,
                80.0,
                50.0
            ],
            "segmentation": [
                [
                    69.89931350114416,
                    100.22883295194508,
                    103.76659038901602,
                    88.10068649885584,
                    118.64073226544622,
                    89.47368421052632,
                    149.30434782608694,
                    102.97482837528604,
                    147.4736842105263,
                    129.51945080091534,
                    125.96338672768877,
                    137.9862700228833,
                    104.9107551487414,
                    138.67276887871853,
                    85.23112128146452,
                    133.40961098398168,
                    74.0183066361556,
                    129.29061784897024,
                    70.5858123569794,
                    113.04347826086956
                ]
            ],
            "category_id": 1,
            "id": 13,
            "area": 50625
        },
        {
            "iscrowd": 0,
            "image_id": 14,
            "bbox": [
                68.0,
                208.0,
                175.0,
                150.0
            ],
            "segmentation": [
                [
                    68.36681222707423,
                    245.85152838427948,
                    113.78165938864629,
                    222.707423580786,
                    136.0524017467249,
                    213.1004366812227,
                    160.50655021834058,
                    208.73362445414847,
                    170.11353711790395,
                    210.48034934497815,
                    187.14410480349346,
                    214.41048034934497,
                    206.7947598253275,
                    225.32751091703057,
                    243.47598253275106,
                    248.90829694323145,
                    243.47598253275106,
                    293.0131004366812,
                    241.29257641921396,
                    325.32751091703057,
                    236.92576419213975,
                    334.49781659388645,
                    197.6244541484716,
                    355.89519650655023,
                    172.29694323144105,
                    358.07860262008734,
                    130.8122270742358,
                    351.9650655021834,
                    93.6943231441048,
                    341.48471615720524,
                    83.65065502183407,
                    337.117903930131,
                    77.1004366812227,
                    322.2707423580786,
                    70.11353711790392,
                    292.1397379912664
                ]
            ],
            "category_id": 1,
            "id": 14,
            "area": 136960
        },
        {
            "iscrowd": 0,
            "image_id": 15,
            "bbox": [
                73.0,
                85.0,
                86.0,
                61.0
            ],
            "segmentation": [
                [
                    73.40586797066015,
                    99.75550122249389,
                    89.54278728606357,
                    92.90953545232274,
                    104.94621026894865,
                    85.33007334963325,
                    123.039119804401,
                    85.57457212713936,
                    133.55256723716383,
                    89.97555012224939,
                    152.3789731051345,
                    98.77750611246944,
                    159.22493887530564,
                    102.20048899755501,
                    158.00244498777508,
                    122.00488997555013,
                    157.0244498777506,
                    132.02933985330074,
                    150.9119804400978,
                    137.65281173594133,
                    135.01955990220048,
                    143.52078239608804,
                    115.7041564792176,
                    146.45476772616138,
                    97.36674816625919,
                    143.52078239608804,
                    79.27383863080686,
                    136.43031784841077,
                    76.0953545232274,
                    132.51833740831296,
                    73.65036674816626,
                    119.07090464547677
                ]
            ],
            "category_id": 1,
            "id": 15,
            "area": 53760
        },
        {
            "iscrowd": 0,
            "image_id": 16,
            "bbox": [
                72.0,
                104.0,
                83.0,
                53.0
            ],
            "segmentation": [
                [
                    73.56064073226544,
                    116.93363844393592,
                    93.01144164759725,
                    108.92448512585813,
                    106.97025171624713,
                    105.720823798627,
                    120.24256292906179,
                    104.34782608695652,
                    130.08237986270024,
                    106.40732265446223,
                    142.8970251716247,
                    111.89931350114416,
                    155.4828375286041,
                    118.07780320366132,
                    155.02517162471395,
                    143.70709382151028,
                    152.50800915331808,
                    149.19908466819223,
                    141.75286041189932,
                    153.77574370709382,
                    131.45537757437071,
                    157.4370709382151,
                    116.12356979405033,
                    157.66590389016017,
                    96.90160183066362,
                    154.69107551487414,
                    83.62929061784897,
                    150.5720823798627,
                    76.99313501144165,
                    145.99542334096108,
                    74.47597254004576,
                    135.24027459954232,
                    72.41647597254004,
                    126.3157894736842
                ]
            ],
            "category_id": 1,
            "id": 16,
            "area": 50625
        },
        {
            "iscrowd": 0,
            "image_id": 17,
            "bbox": [
                120.0,
                78.0,
                53.0,
                37.0
            ],
            "segmentation": [
                [
                    120.85207100591715,
                    86.98224852071006,
                    137.02564102564102,
                    80.27613412228797,
                    143.14003944773174,
                    78.69822485207101,
                    151.6213017751479,
                    79.88165680473372,
                    161.2859960552268,
                    82.84023668639053,
                    168.38658777120315,
                    86.19329388560158,
                    172.7258382642998,
                    88.56015779092702,
                    172.5285996055227,
                    97.43589743589743,
                    173.31755424063115,
                    106.11439842209073,
                    170.95069033530572,
                    109.46745562130177,
                    164.0473372781065,
                    112.6232741617357,
                    155.1715976331361,
                    115.77909270216962,
                    142.54832347140038,
                    115.97633136094674,
                    131.50295857988164,
                    113.6094674556213,
                    122.03550295857987,
                    109.66469428007889,
                    121.44378698224851,
                    105.12820512820512,
                    120.06311637080867,
                    96.25246548323472
                ]
            ],
            "category_id": 1,
            "id": 17,
            "area": 50246
        },
        {
            "iscrowd": 0,
            "image_id": 18,
            "bbox": [
                29.0,
                162.0,
                119.0,
                84.0
            ],
            "segmentation": [
                [
                    29.666666666666657,
                    183.33333333333331,
                    46.02469135802468,
                    174.69135802469134,
                    58.67901234567901,
                    167.9012345679012,
                    74.72839506172838,
                    163.58024691358023,
                    83.98765432098764,
                    162.6543209876543,
                    94.48148148148147,
                    164.8148148148148,
                    106.5185185185185,
                    168.20987654320987,
                    122.5679012345679,
                    173.76543209876542,
                    146.33333333333331,
                    184.25925925925924,
                    148.80246913580245,
                    192.9012345679012,
                    148.18518518518516,
                    211.41975308641975,
                    146.9506172839506,
                    223.45679012345678,
                    144.48148148148147,
                    230.2469135802469,
                    137.99999999999997,
                    233.9506172839506,
                    120.40740740740739,
                    241.66666666666666,
                    101.88888888888889,
                    246.29629629629628,
                    80.90123456790121,
                    246.6049382716049,
                    64.85185185185185,
                    243.82716049382714,
                    45.71604938271605,
                    238.2716049382716,
                    37.07407407407406,
                    233.02469135802468,
                    33.37037037037037,
                    224.99999999999997,
                    30.28395061728395,
                    206.48148148148147
                ]
            ],
            "category_id": 1,
            "id": 18,
            "area": 73932
        },
        {
            "iscrowd": 0,
            "image_id": 19,
            "bbox": [
                49.0,
                79.0,
                137.0,
                115.0
            ],
            "segmentation": [
                [
                    49.11920529801324,
                    106.84326710816777,
                    71.41501103752759,
                    93.81898454746137,
                    91.9448123620309,
                    84.10596026490066,
                    104.52759381898454,
                    80.13245033112582,
                    117.33112582781456,
                    79.24944812362031,
                    130.35540838852097,
                    81.01545253863134,
                    145.1456953642384,
                    86.53421633554083,
                    161.70198675496687,
                    95.14348785871964,
                    186.4260485651214,
                    109.49227373068432,
                    186.86754966887415,
                    144.3708609271523,
                    183.3355408388521,
                    169.75717439293598,
                    174.94701986754967,
                    176.8211920529801,
                    153.09271523178808,
                    188.962472406181,
                    137.6401766004415,
                    191.83222958057394,
                    119.31788079470198,
                    194.2604856512141,
                    102.54083885209712,
                    191.61147902869757,
                    80.46578366445915,
                    186.09271523178808,
                    58.39072847682118,
                    176.8211920529801,
                    53.53421633554083,
                    166.0044150110375,
                    51.32671081677704,
                    149.22737306843266,
                    49.11920529801324,
                    130.68432671081678
                ]
            ],
            "category_id": 1,
            "id": 19,
            "area": 50344
        },
        {
            "iscrowd": 0,
            "image_id": 20,
            "bbox": [
                103.0,
                69.0,
                65.0,
                45.0
            ],
            "segmentation": [
                [
                    103.09050772626931,
                    79.97350993377484,
                    114.34878587196468,
                    74.67549668874172,
                    122.07505518763796,
                    70.4812362030905,
                    127.1523178807947,
                    69.3774834437086,
                    133.7748344370861,
                    70.26048565121413,
                    142.82560706401765,
                    72.02649006622516,
                    149.8896247240618,
                    74.8962472406181,
                    158.49889624724062,
                    78.42825607064017,
                    164.90066225165563,
                    80.63576158940397,
                    168.43267108167768,
                    81.51876379690948,
                    168.43267108167768,
                    90.79028697571744,
                    167.3289183222958,
                    99.17880794701986,
                    167.1081677704194,
                    103.81456953642383,
                    160.26490066225165,
                    108.6710816777042,
                    149.8896247240618,
                    112.20309050772627,
                    142.60485651214128,
                    113.7483443708609,
                    132.22958057395144,
                    114.85209713024281,
                    122.51655629139073,
                    114.41059602649005,
                    112.80353200883002,
                    111.76158940397349,
                    105.96026490066225,
                    105.13907284768212,
                    103.97350993377484,
                    98.07505518763796,
                    103.09050772626931,
                    89.90728476821191
                ]
            ],
            "category_id": 1,
            "id": 20,
            "area": 50232
        },
        {
            "iscrowd": 0,
            "image_id": 21,
            "bbox": [
                47.0,
                82.0,
                137.0,
                110.0
            ],
            "segmentation": [
                [
                    47.57395143487858,
                    109.7130242825607,
                    67.66225165562913,
                    97.57174392935981,
                    88.85430463576158,
                    87.41721854304635,
                    103.8653421633554,
                    83.22295805739513,
                    116.44812362030905,
                    82.33995584988962,
                    129.25165562913907,
                    85.8719646799117,
                    153.31346578366444,
                    94.92273730684326,
                    184.2185430463576,
                    111.92052980132449,
                    183.99779249448122,
                    133.11258278145695,
                    182.67328918322295,
                    159.16114790286974,
                    181.1280353200883,
                    167.1081677704194,
                    177.37527593818984,
                    173.73068432671081,
                    164.35099337748343,
                    181.01545253863134,
                    140.50993377483442,
                    189.62472406181016,
                    118.21412803532007,
                    192.05298013245033,
                    90.39955849889624,
                    187.63796909492274,
                    68.98675496688742,
                    181.23620309050773,
                    57.06622516556291,
                    175.49668874172184,
                    51.547461368653416,
                    165.56291390728475,
                    48.236203090507715,
                    135.32008830022073
                ]
            ],
            "category_id": 1,
            "id": 21,
            "area": 50344
        },
        {
            "iscrowd": 0,
            "image_id": 22,
            "bbox": [
                36.0,
                105.0,
                88.0,
                70.0
            ],
            "segmentation": [
                [
                    36.0506329113924,
                    122.27848101265822,
                    60.607594936708864,
                    113.16455696202532,
                    76.55696202531644,
                    107.0886075949367,
                    94.27848101265823,
                    105.31645569620252,
                    109.46835443037975,
                    111.89873417721519,
                    124.65822784810126,
                    123.03797468354429,
                    123.64556962025316,
                    160.25316455696202,
                    117.56962025316454,
                    168.1012658227848,
                    103.13924050632912,
                    175.44303797468353,
                    79.84810126582278,
                    174.9367088607595,
                    59.34177215189874,
                    170.63291139240505,
                    45.41772151898735,
                    164.81012658227849,
                    40.354430379746816,
                    159.2405063291139,
                    37.82278481012658,
                    141.0126582278481
                ]
            ],
            "category_id": 1,
            "id": 22,
            "area": 41583
        },
        {
            "iscrowd": 0,
            "image_id": 23,
            "bbox": [
                46.0,
                127.0,
                114.0,
                88.0
            ],
            "segmentation": [
                [
                    46.16010498687663,
                    148.29396325459317,
                    68.99475065616798,
                    138.32020997375326,
                    89.99212598425197,
                    129.65879265091863,
                    99.1784776902887,
                    127.03412073490813,
                    113.35170603674541,
                    127.55905511811024,
                    125.95013123359581,
                    131.75853018372703,
                    139.86089238845145,
                    138.32020997375326,
                    159.28346456692913,
                    149.86876640419948,
                    160.07086614173227,
                    175.59055118110237,
                    158.75853018372703,
                    193.96325459317586,
                    156.65879265091863,
                    200.26246719160105,
                    129.88713910761155,
                    214.43569553805773,
                    107.83989501312337,
                    215.748031496063,
                    77.91863517060366,
                    211.0236220472441,
                    56.921259842519675,
                    204.19947506561678,
                    50.884514435695536,
                    194.48818897637796,
                    46.68503937007874,
                    172.70341207349082
                ]
            ],
            "category_id": 1,
            "id": 23,
            "area": 53922
        },
        {
            "iscrowd": 0,
            "image_id": 24,
            "bbox": [
                7.0,
                73.0,
                69.0,
                47.0
            ],
            "segmentation": [
                [
                    7.919655667144909,
                    84.2180774748924,
                    22.4103299856528,
                    74.03156384505021,
                    29.58393113342899,
                    73.3142037302726,
                    76.06886657101866,
                    86.22668579626973,
                    74.34720229555238,
                    105.4519368723099,
                    74.63414634146342,
                    109.32568149210904,
                    67.03012912482066,
                    113.48637015781922,
                    57.27403156384506,
                    116.78622668579628,
                    45.509325681492115,
                    118.65136298421808,
                    35.609756097560975,
                    120.51649928263988,
                    24.27546628407461,
                    119.9426111908178,
                    19.3974175035868,
                    118.7948350071736,
                    11.07604017216643,
                    113.05595408895266,
                    9.21090387374462,
                    108.4648493543759,
                    8.637015781922528,
                    101.72166427546628,
                    8.06312769010043,
                    92.1090387374462
                ]
            ],
            "category_id": 1,
            "id": 24,
            "area": 16074
        },
        {
            "iscrowd": 0,
            "image_id": 25,
            "bbox": [
                68.0,
                91.0,
                62.0,
                46.0
            ],
            "segmentation": [
                [
                    68.70284237726096,
                    102.0671834625323,
                    89.89147286821705,
                    93.02325581395348,
                    100.74418604651163,
                    91.21447028423772,
                    116.50645994832041,
                    96.12403100775194,
                    130.71834625322998,
                    103.35917312661499,
                    130.20155038759688,
                    126.61498708010336,
                    123.48320413436693,
                    132.5581395348837,
                    111.85529715762274,
                    136.6925064599483,
                    94.28423772609818,
                    137.72609819121448,
                    78.78036175710594,
                    134.36692506459949,
                    71.02842377260981,
                    128.68217054263565,
                    69.4780361757106,
                    117.31266149870801
                ]
            ],
            "category_id": 1,
            "id": 25,
            "area": 50292
        },
        {
            "iscrowd": 0,
            "image_id": 26,
            "bbox": [
                81.0,
                207.0,
                185.0,
                124.0
            ],
            "segmentation": [
                [
                    81.29955947136563,
                    238.76651982378854,
                    117.4229074889868,
                    223.34801762114537,
                    157.95154185022028,
                    209.2511013215859,
                    179.97797356828193,
                    207.9295154185022,
                    219.62555066079295,
                    221.58590308370043,
                    263.6784140969163,
                    242.2907488986784,
                    266.7621145374449,
                    271.3656387665198,
                    262.7973568281938,
                    300.0,
                    258.3920704845815,
                    310.1321585903084,
                    227.55506607929516,
                    323.7885462555066,
                    194.51541850220264,
                    331.7180616740088,
                    157.511013215859,
                    329.51541850220264,
                    116.98237885462555,
                    321.1453744493392,
                    94.95594713656388,
                    313.215859030837,
                    88.34801762114537,
                    300.0,
                    82.62114537444933,
                    269.16299559471366
                ]
            ],
            "category_id": 1,
            "id": 26,
            "area": 141591
        },
        {
            "iscrowd": 0,
            "image_id": 27,
            "bbox": [
                12.0,
                155.0,
                144.0,
                91.0
            ],
            "segmentation": [
                [
                    12.360655737704903,
                    177.37704918032784,
                    40.2295081967213,
                    160.327868852459,
                    53.01639344262293,
                    155.73770491803276,
                    65.14754098360655,
                    155.08196721311475,
                    87.77049180327867,
                    158.03278688524588,
                    109.40983606557376,
                    164.2622950819672,
                    135.9672131147541,
                    173.11475409836063,
                    155.31147540983602,
                    180.98360655737704,
                    156.2950819672131,
                    199.99999999999997,
                    155.9672131147541,
                    215.40983606557376,
                    152.03278688524586,
                    224.91803278688522,
                    142.1967213114754,
                    233.44262295081964,
                    107.44262295081964,
                    242.2950819672131,
                    86.13114754098359,
                    246.2295081967213,
                    64.81967213114751,
                    245.90163934426226,
                    57.60655737704917,
                    245.57377049180326,
                    36.62295081967213,
                    241.31147540983605,
                    18.262295081967196,
                    232.78688524590163,
                    15.31147540983605,
                    220.98360655737704,
                    12.360655737704903,
                    201.63934426229505
                ]
            ],
            "category_id": 1,
            "id": 27,
            "area": 74382
        },
        {
            "iscrowd": 0,
            "image_id": 28,
            "bbox": [
                73.0,
                264.0,
                198.0,
                136.0
            ],
            "segmentation": [
                [
                    73.98876404494382,
                    296.6292134831461,
                    121.17977528089887,
                    275.2808988764045,
                    149.2696629213483,
                    264.60674157303373,
                    199.2696629213483,
                    272.4719101123595,
                    239.1573033707865,
                    289.3258426966292,
                    271.17977528089887,
                    302.24719101123594,
                    271.7415730337079,
                    317.4157303370786,
                    270.0561797752809,
                    344.9438202247191,
                    265.0,
                    371.91011235955057,
                    230.7303370786517,
                    388.2022471910112,
                    203.76404494382024,
                    396.6292134831461,
                    180.1685393258427,
                    400.0,
                    154.3258426966292,
                    400.56179775280896,
                    113.87640449438203,
                    391.57303370786514,
                    85.22471910112358,
                    381.46067415730334,
                    79.60674157303373,
                    365.7303370786517,
                    74.55056179775278,
                    332.02247191011236
                ]
            ],
            "category_id": 1,
            "id": 28,
            "area": 214890
        },
        {
            "iscrowd": 0,
            "image_id": 29,
            "bbox": [
                70.0,
                210.0,
                190.0,
                134.0
            ],
            "segmentation": [
                [
                    70.11353711790392,
                    242.35807860262008,
                    112.90829694323145,
                    222.2707423580786,
                    136.48908296943233,
                    212.66375545851528,
                    158.32314410480348,
                    210.48034934497815,
                    176.66375545851525,
                    212.66375545851528,
                    203.30131004366814,
                    220.96069868995633,
                    229.93886462882097,
                    232.75109170305677,
                    260.5065502183406,
                    247.16157205240174,
                    259.63318777292574,
                    270.3056768558952,
                    260.94323144104806,
                    282.53275109170306,
                    258.7598253275109,
                    294.3231441048035,
                    256.5764192139738,
                    309.1703056768559,
                    253.51965065502185,
                    317.46724890829694,
                    234.7423580786026,
                    327.9475982532751,
                    212.90829694323145,
                    336.68122270742356,
                    182.34061135371178,
                    344.10480349344977,
                    148.71615720524017,
                    343.2314410480349,
                    113.34497816593887,
                    334.9344978165939,
                    85.39737991266375,
                    324.89082969432314,
                    82.34061135371178,
                    323.14410480349346,
                    77.1004366812227,
                    309.6069868995633,
                    70.55021834061134,
                    278.6026200873362
                ]
            ],
            "category_id": 1,
            "id": 29,
            "area": 136960
        },
        {
            "iscrowd": 0,
            "image_id": 30,
            "bbox": [
                98.0,
                80.0,
                68.0,
                44.0
            ],
            "segmentation": [
                [
                    98.58012170385396,
                    92.0,
                    108.11359026369169,
                    85.30628803245436,
                    118.66125760649088,
                    81.24949290060853,
                    127.38336713995945,
                    80.23529411764706,
                    140.97363083164302,
                    82.66937119675457,
                    158.41784989858013,
                    88.55172413793105,
                    165.51724137931035,
                    91.59432048681542,
                    166.12576064908723,
                    101.33062880324545,
                    165.11156186612578,
                    109.03853955375254,
                    165.11156186612578,
                    112.28397565922921,
                    164.0973630831643,
                    114.71805273833672,
                    158.6206896551724,
                    118.36916835699797,
                    151.11561866125763,
                    120.60040567951319,
                    141.3793103448276,
                    123.44016227180529,
                    128.3975659229209,
                    124.45436105476674,
                    118.45841784989858,
                    123.64300202839758,
                    108.92494929006085,
                    119.99188640973631,
                    101.21703853955376,
                    115.52941176470588,
                    100.2028397565923,
                    107.6186612576065
                ]
            ],
            "category_id": 1,
            "id": 30,
            "area": 50325
        },
        {
            "iscrowd": 0,
            "image_id": 31,
            "bbox": [
                82.0,
                55.0,
                137.0,
                105.0
            ],
            "segmentation": [
                [
                    82.77404921700224,
                    81.0536912751678,
                    116.7785234899329,
                    63.60402684563759,
                    143.84787472035794,
                    55.77404921700224,
                    158.38926174496646,
                    55.997762863534675,
                    171.3646532438479,
                    59.5771812080537,
                    186.80089485458615,
                    66.0648769574944,
                    219.6868008948546,
                    84.40939597315437,
                    217.4496644295302,
                    132.06040268456377,
                    214.9888143176734,
                    139.2192393736018,
                    207.60626398210292,
                    146.1543624161074,
                    186.80089485458615,
                    154.8791946308725,
                    169.35123042505595,
                    160.0246085011186,
                    146.08501118568233,
                    159.5771812080537,
                    128.4116331096197,
                    156.22147651006713,
                    113.42281879194631,
                    152.64205816554812,
                    93.5123042505593,
                    142.57494407158836,
                    86.12975391498883,
                    135.19239373601792,
                    87.69574944071589,
                    129.15212527964206,
                    83.22147651006712,
                    112.14988814317675
                ]
            ],
            "category_id": 1,
            "id": 31,
            "area": 50298
        },
        {
            "iscrowd": 0,
            "image_id": 32,
            "bbox": [
                123.0,
                400.0,
                256.0,
                142.0
            ],
            "segmentation": [
                [
                    123.9430894308943,
                    435.7723577235772,
                    192.2357723577236,
                    413.0081300813008,
                    251.58536585365857,
                    400.8130081300813,
                    289.79674796747963,
                    403.2520325203252,
                    349.1463414634146,
                    421.9512195121951,
                    379.2276422764228,
                    439.8373983739838,
                    375.1626016260162,
                    495.1219512195122,
                    371.0975609756098,
                    513.0081300813008,
                    332.07317073170736,
                    531.7073170731708,
                    301.9918699186992,
                    539.0243902439024,
                    283.29268292682923,
                    542.2764227642276,
                    217.4390243902439,
                    536.5853658536586,
                    138.5772357723577,
                    516.260162601626,
                    123.130081300813,
                    473.1707317073171
                ]
            ],
            "category_id": 1,
            "id": 32,
            "area": 424800
        },
        {
            "iscrowd": 0,
            "image_id": 33,
            "bbox": [
                64.0,
                206.0,
                180.0,
                147.0
            ],
            "segmentation": [
                [
                    64.43668122270742,
                    241.48471615720524,
                    115.96506550218339,
                    214.41048034934497,
                    143.47598253275106,
                    206.55021834061134,
                    160.94323144104806,
                    208.29694323144105,
                    182.7772925764192,
                    216.15720524017468,
                    209.85152838427945,
                    227.07423580786025,
                    241.72925764192138,
                    245.85152838427948,
                    244.34934497816596,
                    285.1528384279476,
                    239.9825327510917,
                    314.410480349345,
                    237.36244541484717,
                    324.0174672489083,
                    214.65502183406113,
                    337.9912663755458,
                    186.27074235807862,
                    347.5982532751092,
                    157.44978165938863,
                    353.27510917030565,
                    120.33187772925766,
                    347.16157205240177,
                    89.32751091703057,
                    336.68122270742356,
                    74.04366812227073,
                    327.51091703056767,
                    69.24017467248908,
                    309.6069868995633,
                    64.43668122270742,
                    276.4192139737991
                ]
            ],
            "category_id": 1,
            "id": 33,
            "area": 136960
        },
        {
            "iscrowd": 0,
            "image_id": 34,
            "bbox": [
                90.0,
                109.0,
                72.0,
                58.0
            ],
            "segmentation": [
                [
                    90.05073995771669,
                    123.67864693446087,
                    100.83298097251584,
                    118.18181818181817,
                    110.98097251585622,
                    112.26215644820294,
                    121.97463002114165,
                    109.09090909090908,
                    131.48837209302323,
                    110.35940803382663,
                    146.7103594080338,
                    116.0676532769556,
                    162.14376321353063,
                    125.36997885835093,
                    161.72093023255812,
                    153.276955602537,
                    159.18393234672303,
                    158.13953488372093,
                    145.86469344608878,
                    164.6934460887949,
                    134.6596194503171,
                    167.65327695560254,
                    118.80338266384777,
                    167.65327695560254,
                    102.10147991543339,
                    162.7906976744186,
                    93.22198731501057,
                    158.56236786469344,
                    91.53065539112049,
                    145.45454545454544
                ]
            ],
            "category_id": 1,
            "id": 34,
            "area": 50336
        },
        {
            "iscrowd": 0,
            "image_id": 35,
            "bbox": [
                37.0,
                73.0,
                69.0,
                47.0
            ],
            "segmentation": [
                [
                    37.905308464849355,
                    85.50932568149211,
                    58.27833572453372,
                    79.9139167862267,
                    78.2209469153515,
                    74.46197991391679,
                    88.9813486370158,
                    73.02725968436155,
                    96.58536585365854,
                    78.04878048780488,
                    105.91104734576757,
                    84.7919655667145,
                    106.0545193687231,
                    98.56527977044476,
                    105.48063127690102,
                    112.051649928264,
                    104.04591104734578,
                    114.77761836441894,
                    92.13773314203732,
                    119.51219512195122,
                    73.48637015781922,
                    120.22955523672884,
                    58.85222381635582,
                    117.79053084648494,
                    41.061692969870876,
                    110.61692969870876,
                    38.479196556671454,
                    107.8909612625538
                ]
            ],
            "category_id": 1,
            "id": 35,
            "area": 16074
        },
        {
            "iscrowd": 0,
            "image_id": 36,
            "bbox": [
                69.0,
                266.0,
                194.0,
                138.0
            ],
            "segmentation": [
                [
                    69.2037037037037,
                    299.0740740740741,
                    121.51851851851848,
                    281.0185185185185,
                    162.72222222222223,
                    269.4444444444444,
                    196.98148148148147,
                    266.2037037037037,
                    206.2407407407407,
                    266.2037037037037,
                    231.2407407407407,
                    278.2407407407407,
                    263.18518518518516,
                    303.7037037037037,
                    262.7222222222222,
                    342.59259259259255,
                    259.0185185185185,
                    377.77777777777777,
                    249.75925925925924,
                    387.96296296296293,
                    232.62962962962962,
                    397.68518518518516,
                    206.2407407407407,
                    404.16666666666663,
                    167.81481481481478,
                    399.0740740740741,
                    122.90740740740739,
                    391.2037037037037,
                    86.33333333333331,
                    381.48148148148147,
                    77.99999999999997,
                    369.4444444444444,
                    69.2037037037037,
                    332.4074074074074
                ]
            ],
            "category_id": 1,
            "id": 36,
            "area": 151060
        },
        {
            "iscrowd": 0,
            "image_id": 37,
            "bbox": [
                3.0,
                198.0,
                173.0,
                115.0
            ],
            "segmentation": [
                [
                    5.5945945945945965,
                    226.01351351351352,
                    23.83783783783784,
                    214.52702702702703,
                    39.04054054054055,
                    204.3918918918919,
                    51.20270270270271,
                    200.0,
                    60.66216216216216,
                    198.3108108108108,
                    80.25675675675677,
                    199.66216216216216,
                    96.47297297297297,
                    203.04054054054055,
                    117.0810810810811,
                    208.44594594594594,
                    135.32432432432432,
                    214.1891891891892,
                    175.18918918918916,
                    228.3783783783784,
                    176.2027027027027,
                    258.44594594594594,
                    171.81081081081084,
                    285.81081081081084,
                    165.05405405405406,
                    293.2432432432432,
                    123.5,
                    306.7567567567568,
                    100.86486486486487,
                    310.81081081081084,
                    80.59459459459461,
                    313.1756756756757,
                    65.3918918918919,
                    312.1621621621622,
                    42.081081081081095,
                    307.0945945945946,
                    24.513513513513516,
                    300.6756756756757,
                    12.351351351351354,
                    293.2432432432432,
                    8.972972972972968,
                    280.7432432432432,
                    5.932432432432435,
                    261.14864864864865,
                    3.9054054054054035,
                    246.28378378378378
                ]
            ],
            "category_id": 1,
            "id": 37,
            "area": 76360
        },
        {
            "iscrowd": 0,
            "image_id": 38,
            "bbox": [
                74.0,
                97.0,
                76.0,
                56.0
            ],
            "segmentation": [
                [
                    74.23076923076923,
                    110.51282051282051,
                    88.84615384615384,
                    104.1025641025641,
                    104.23076923076923,
                    99.23076923076923,
                    121.92307692307693,
                    97.17948717948718,
                    134.4871794871795,
                    102.82051282051282,
                    150.8974358974359,
                    112.05128205128206,
                    150.3846153846154,
                    128.46153846153845,
                    149.8717948717949,
                    140.25641025641025,
                    145.25641025641025,
                    144.87179487179486,
                    138.0769230769231,
                    148.71794871794873,
                    129.10256410256412,
                    152.05128205128204,
                    120.89743589743591,
                    153.5897435897436,
                    105.51282051282053,
                    152.30769230769232,
                    91.66666666666666,
                    148.71794871794873,
                    79.61538461538461,
                    144.6153846153846,
                    77.82051282051282,
                    137.94871794871796,
                    74.74358974358975,
                    128.2051282051282
                ]
            ],
            "category_id": 1,
            "id": 38,
            "area": 59724
        },
        {
            "iscrowd": 0,
            "image_id": 39,
            "bbox": [
                71.0,
                227.0,
                177.0,
                142.0
            ],
            "segmentation": [
                [
                    71.86026200873363,
                    262.44541484716154,
                    100.68122270742359,
                    246.72489082969432,
                    136.48908296943233,
                    231.87772925764193,
                    159.19650655021832,
                    227.07423580786025,
                    172.29694323144105,
                    228.38427947598254,
                    195.0043668122271,
                    235.3711790393013,
                    230.3755458515284,
                    253.7117903930131,
                    248.71615720524017,
                    266.8122270742358,
                    248.71615720524017,
                    299.12663755458516,
                    245.65938864628822,
                    334.06113537117903,
                    241.29257641921396,
                    346.28820960698687,
                    222.95196506550218,
                    356.7685589519651,
                    190.63755458515283,
                    368.5589519650655,
                    160.94323144104806,
                    369.86899563318775,
                    140.41921397379912,
                    367.68558951965065,
                    117.27510917030568,
                    362.44541484716154,
                    93.25764192139738,
                    352.4017467248908,
                    83.65065502183407,
                    347.5982532751092,
                    77.1004366812227,
                    331.0043668122271,
                    73.17030567685589,
                    306.11353711790395
                ]
            ],
            "category_id": 1,
            "id": 39,
            "area": 136960
        },
        {
            "iscrowd": 0,
            "image_id": 40,
            "bbox": [
                59.0,
                111.0,
                109.0,
                84.0
            ],
            "segmentation": [
                [
                    59.97752808988764,
                    133.7078651685393,
                    78.40449438202246,
                    122.02247191011236,
                    96.38202247191012,
                    113.70786516853933,
                    106.9438202247191,
                    111.91011235955055,
                    122.4494382022472,
                    114.8314606741573,
                    150.08988764044943,
                    125.16853932584269,
                    168.29213483146066,
                    133.48314606741573,
                    167.84269662921346,
                    151.68539325842696,
                    166.04494382022472,
                    175.0561797752809,
                    164.47191011235955,
                    180.0,
                    157.5056179775281,
                    184.4943820224719,
                    137.95505617977528,
                    192.35955056179773,
                    122.67415730337078,
                    195.95505617977528,
                    108.96629213483146,
                    195.73033707865167,
                    91.6629213483146,
                    193.25842696629212,
                    75.48314606741573,
                    187.41573033707866,
                    65.37078651685393,
                    182.24719101123594,
                    61.32584269662921,
                    162.02247191011236
                ]
            ],
            "category_id": 1,
            "id": 40,
            "area": 50388
        },
        {
            "iscrowd": 0,
            "image_id": 41,
            "bbox": [
                72.0,
                213.0,
                190.0,
                133.0
            ],
            "segmentation": [
                [
                    72.48898678414096,
                    245.8149779735683,
                    103.3259911894273,
                    230.83700440528634,
                    130.19823788546256,
                    219.8237885462555,
                    154.8678414096916,
                    213.65638766519822,
                    176.4537444933921,
                    214.5374449339207,
                    202.88546255506606,
                    220.70484581497797,
                    239.88986784140968,
                    235.6828193832599,
                    262.3568281938326,
                    250.2202643171806,
                    262.3568281938326,
                    281.9383259911894,
                    259.273127753304,
                    315.8590308370044,
                    255.7488986784141,
                    324.22907488986783,
                    210.81497797356826,
                    340.96916299559473,
                    179.0969162995595,
                    346.25550660792953,
                    145.6167400881057,
                    342.29074889867843,
                    110.81497797356829,
                    334.80176211453744,
                    87.90748898678413,
                    325.99118942731275,
                    80.85903083700441,
                    317.1806167400881,
                    77.33480176211452,
                    298.6784140969163,
                    72.48898678414096,
                    274.44933920704847
                ]
            ],
            "category_id": 1,
            "id": 41,
            "area": 141591
        },
        {
            "iscrowd": 0,
            "image_id": 42,
            "bbox": [
                82.0,
                252.0,
                219.0,
                160.0
            ],
            "segmentation": [
                [
                    82.9090909090909,
                    291.8181818181818,
                    108.36363636363635,
                    273.1818181818182,
                    146.09090909090907,
                    253.63636363636363,
                    166.09090909090907,
                    252.72727272727272,
                    208.36363636363632,
                    262.27272727272725,
                    246.09090909090907,
                    273.6363636363636,
                    301.09090909090907,
                    294.5454545454545,
                    301.99999999999994,
                    333.6363636363636,
                    298.8181818181818,
                    364.99999999999994,
                    294.27272727272725,
                    376.3636363636363,
                    288.8181818181818,
                    384.5454545454545,
                    260.6363636363636,
                    395.9090909090909,
                    211.09090909090907,
                    409.99999999999994,
                    181.09090909090907,
                    412.27272727272725,
                    148.8181818181818,
                    410.45454545454544,
                    116.54545454545453,
                    399.5454545454545,
                    94.72727272727272,
                    385.9090909090909,
                    88.36363636363635,
                    369.99999999999994,
                    85.18181818181816,
                    333.6363636363636
                ]
            ],
            "category_id": 1,
            "id": 42,
            "area": 204714
        },
        {
            "iscrowd": 0,
            "image_id": 43,
            "bbox": [
                57.0,
                200.0,
                195.0,
                150.0
            ],
            "segmentation": [
                [
                    57.95154185022025,
                    236.12334801762114,
                    107.2907488986784,
                    210.13215859030836,
                    132.84140969162996,
                    200.0,
                    160.1541850220264,
                    200.88105726872246,
                    209.05286343612335,
                    218.06167400881057,
                    251.784140969163,
                    240.08810572687224,
                    252.66519823788548,
                    280.6167400881057,
                    248.2599118942731,
                    313.215859030837,
                    243.85462555066078,
                    322.90748898678413,
                    214.33920704845815,
                    337.88546255506606,
                    179.97797356828193,
                    350.22026431718064,
                    142.9735682819383,
                    350.22026431718064,
                    104.647577092511,
                    342.29074889867843,
                    70.72687224669605,
                    329.0748898678414,
                    64.11894273127754,
                    306.1674008810573,
                    57.51101321585904,
                    273.568281938326
                ]
            ],
            "category_id": 1,
            "id": 43,
            "area": 141591
        },
        {
            "iscrowd": 0,
            "image_id": 44,
            "bbox": [
                62.0,
                211.0,
                194.0,
                139.0
            ],
            "segmentation": [
                [
                    62.68995633187774,
                    245.41484716157206,
                    103.30131004366811,
                    227.94759825327512,
                    131.68558951965065,
                    216.5938864628821,
                    156.13973799126637,
                    211.79039301310044,
                    177.10043668122267,
                    214.84716157205239,
                    226.44541484716154,
                    231.44104803493448,
                    256.1397379912664,
                    250.2183406113537,
                    256.5764192139738,
                    284.27947598253274,
                    256.5764192139738,
                    311.7903930131004,
                    249.589519650655,
                    328.82096069868993,
                    218.58515283842792,
                    341.0480349344978,
                    184.52401746724888,
                    350.65502183406113,
                    141.72925764192138,
                    349.34497816593887,
                    103.73799126637553,
                    339.73799126637556,
                    74.04366812227073,
                    328.3842794759825,
                    70.11353711790392,
                    315.72052401746726,
                    62.68995633187774,
                    279.91266375545854
                ]
            ],
            "category_id": 1,
            "id": 44,
            "area": 136960
        },
        {
            "iscrowd": 0,
            "image_id": 45,
            "bbox": [
                70.0,
                223.0,
                188.0,
                140.0
            ],
            "segmentation": [
                [
                    70.55021834061134,
                    259.3886462882096,
                    99.3711790393013,
                    243.66812227074234,
                    128.19213973799128,
                    231.00436681222706,
                    155.70305676855895,
                    223.58078602620088,
                    180.5938864628821,
                    227.51091703056767,
                    208.54148471615719,
                    236.6812227074236,
                    232.5589519650655,
                    247.16157205240174,
                    258.3231441048035,
                    261.1353711790393,
                    258.3231441048035,
                    289.95633187772927,
                    256.5764192139738,
                    319.2139737991266,
                    251.7729257641921,
                    338.4279475982533,
                    239.54585152838428,
                    346.72489082969435,
                    202.4279475982533,
                    360.69868995633186,
                    171.4235807860262,
                    363.3187772925764,
                    133.86899563318775,
                    359.3886462882096,
                    92.38427947598254,
                    346.72489082969435,
                    80.5938864628821,
                    342.7947598253275,
                    74.48034934497815,
                    313.9737991266376,
                    70.11353711790392,
                    279.91266375545854
                ]
            ],
            "category_id": 1,
            "id": 45,
            "area": 136960
        },
        {
            "iscrowd": 0,
            "image_id": 46,
            "bbox": [
                66.0,
                201.0,
                198.0,
                138.0
            ],
            "segmentation": [
                [
                    66.84581497797356,
                    236.12334801762114,
                    99.44493392070484,
                    216.29955947136563,
                    134.6872246696035,
                    201.76211453744494,
                    171.69162995594712,
                    204.84581497797356,
                    212.66079295154185,
                    217.62114537444933,
                    263.7621145374449,
                    238.76651982378854,
                    264.6431718061674,
                    266.9603524229075,
                    262.0,
                    291.6299559471366,
                    256.273127753304,
                    312.3348017621145,
                    221.91189427312776,
                    326.87224669603523,
                    192.39647577092512,
                    336.12334801762114,
                    149.66519823788548,
                    339.647577092511,
                    117.50660792951541,
                    332.59911894273125,
                    82.70484581497797,
                    319.8237885462555,
                    75.65638766519822,
                    312.3348017621145,
                    71.2511013215859,
                    293.3920704845815
                ]
            ],
            "category_id": 1,
            "id": 46,
            "area": 138560
        }
    ]
}