<annotation>
	<folder>mask</folder>
	<filename>10-with-mask.jpg</filename>
	<path>D:\labelimg\data\mask\10-with-mask.jpg</path>
	<source>
		<database>Unknown</database>
	</source>
	<size>
		<width>233</width>
		<height>350</height>
		<depth>3</depth>
	</size>
	<segmented>0</segmented>
	<object>
		<name>mask</name>
		<pose>Unspecified</pose>
		<truncated>0</truncated>
		<difficult>0</difficult>
		<bndbox>
			<xmin>61</xmin>
			<ymin>113</ymin>
			<xmax>176</xmax>
			<ymax>177</ymax>
		</bndbox>
	</object>
</annotation>
