<annotation>
	<folder>mask</folder>
	<filename>104-with-mask.jpg</filename>
	<path>D:\labelimg\data\mask\104-with-mask.jpg</path>
	<source>
		<database>Unknown</database>
	</source>
	<size>
		<width>324</width>
		<height>341</height>
		<depth>3</depth>
	</size>
	<segmented>0</segmented>
	<object>
		<name>mask</name>
		<pose>Unspecified</pose>
		<truncated>0</truncated>
		<difficult>0</difficult>
		<bndbox>
			<xmin>35</xmin>
			<ymin>188</ymin>
			<xmax>248</xmax>
			<ymax>300</ymax>
		</bndbox>
	</object>
</annotation>
