<annotation>
	<folder>mask</folder>
	<filename>109-with-mask.jpg</filename>
	<path>D:\labelimg\data\mask\109-with-mask.jpg</path>
	<source>
		<database>Unknown</database>
	</source>
	<size>
		<width>296</width>
		<height>374</height>
		<depth>3</depth>
	</size>
	<segmented>0</segmented>
	<object>
		<name>mask</name>
		<pose>Unspecified</pose>
		<truncated>0</truncated>
		<difficult>0</difficult>
		<bndbox>
			<xmin>43</xmin>
			<ymin>160</ymin>
			<xmax>210</xmax>
			<ymax>264</ymax>
		</bndbox>
	</object>
</annotation>
