<annotation>
	<folder>mask</folder>
	<filename>110-with-mask.jpg</filename>
	<path>D:\labelimg\data\mask\110-with-mask.jpg</path>
	<source>
		<database>Unknown</database>
	</source>
	<size>
		<width>594</width>
		<height>960</height>
		<depth>3</depth>
	</size>
	<segmented>0</segmented>
	<object>
		<name>mask</name>
		<pose>Unspecified</pose>
		<truncated>0</truncated>
		<difficult>0</difficult>
		<bndbox>
			<xmin>104</xmin>
			<ymin>229</ymin>
			<xmax>339</xmax>
			<ymax>367</ymax>
		</bndbox>
	</object>
</annotation>
