<annotation>
	<folder>mask</folder>
	<filename>118-with-mask.jpg</filename>
	<path>D:\labelimg\data\mask\118-with-mask.jpg</path>
	<source>
		<database>Unknown</database>
	</source>
	<size>
		<width>295</width>
		<height>400</height>
		<depth>3</depth>
	</size>
	<segmented>0</segmented>
	<object>
		<name>mask</name>
		<pose>Unspecified</pose>
		<truncated>0</truncated>
		<difficult>0</difficult>
		<bndbox>
			<xmin>65</xmin>
			<ymin>119</ymin>
			<xmax>241</xmax>
			<ymax>233</ymax>
		</bndbox>
	</object>
</annotation>
