<annotation>
	<folder>mask</folder>
	<filename>128-with-mask.jpg</filename>
	<path>D:\labelimg\data\mask\128-with-mask.jpg</path>
	<source>
		<database>Unknown</database>
	</source>
	<size>
		<width>312</width>
		<height>351</height>
		<depth>3</depth>
	</size>
	<segmented>0</segmented>
	<object>
		<name>mask</name>
		<pose>Unspecified</pose>
		<truncated>0</truncated>
		<difficult>0</difficult>
		<bndbox>
			<xmin>42</xmin>
			<ymin>123</ymin>
			<xmax>259</xmax>
			<ymax>269</ymax>
		</bndbox>
	</object>
</annotation>
