<annotation>
	<folder>mask</folder>
	<filename>13-with-mask.jpg</filename>
	<path>D:\labelimg\data\mask\13-with-mask.jpg</path>
	<source>
		<database>Unknown</database>
	</source>
	<size>
		<width>524</width>
		<height>350</height>
		<depth>3</depth>
	</size>
	<segmented>0</segmented>
	<object>
		<name>mask</name>
		<pose>Unspecified</pose>
		<truncated>0</truncated>
		<difficult>0</difficult>
		<bndbox>
			<xmin>193</xmin>
			<ymin>120</ymin>
			<xmax>350</xmax>
			<ymax>228</ymax>
		</bndbox>
	</object>
</annotation>
