<annotation>
	<folder>mask</folder>
	<filename>130-with-mask.jpg</filename>
	<path>D:\labelimg\data\mask\130-with-mask.jpg</path>
	<source>
		<database>Unknown</database>
	</source>
	<size>
		<width>768</width>
		<height>960</height>
		<depth>3</depth>
	</size>
	<segmented>0</segmented>
	<object>
		<name>mask</name>
		<pose>Unspecified</pose>
		<truncated>0</truncated>
		<difficult>0</difficult>
		<bndbox>
			<xmin>271</xmin>
			<ymin>336</ymin>
			<xmax>590</xmax>
			<ymax>558</ymax>
		</bndbox>
	</object>
</annotation>
