<annotation>
	<folder>mask</folder>
	<filename>131-with-mask.jpg</filename>
	<path>D:\labelimg\data\mask\131-with-mask.jpg</path>
	<source>
		<database>Unknown</database>
	</source>
	<size>
		<width>340</width>
		<height>417</height>
		<depth>3</depth>
	</size>
	<segmented>0</segmented>
	<object>
		<name>mask</name>
		<pose>Unspecified</pose>
		<truncated>0</truncated>
		<difficult>0</difficult>
		<bndbox>
			<xmin>65</xmin>
			<ymin>186</ymin>
			<xmax>282</xmax>
			<ymax>330</ymax>
		</bndbox>
	</object>
</annotation>
