<annotation>
	<folder>mask</folder>
	<filename>132-with-mask.jpg</filename>
	<path>D:\labelimg\data\mask\132-with-mask.jpg</path>
	<source>
		<database>Unknown</database>
	</source>
	<size>
		<width>720</width>
		<height>540</height>
		<depth>3</depth>
	</size>
	<segmented>0</segmented>
	<object>
		<name>mask</name>
		<pose>Unspecified</pose>
		<truncated>0</truncated>
		<difficult>0</difficult>
		<bndbox>
			<xmin>265</xmin>
			<ymin>177</ymin>
			<xmax>377</xmax>
			<ymax>250</ymax>
		</bndbox>
	</object>
</annotation>
