<annotation>
	<folder>mask</folder>
	<filename>136-with-mask.jpg</filename>
	<path>D:\labelimg\data\mask\136-with-mask.jpg</path>
	<source>
		<database>Unknown</database>
	</source>
	<size>
		<width>285</width>
		<height>372</height>
		<depth>3</depth>
	</size>
	<segmented>0</segmented>
	<object>
		<name>mask</name>
		<pose>Unspecified</pose>
		<truncated>0</truncated>
		<difficult>0</difficult>
		<bndbox>
			<xmin>24</xmin>
			<ymin>162</ymin>
			<xmax>233</xmax>
			<ymax>273</ymax>
		</bndbox>
	</object>
</annotation>
