<annotation>
	<folder>mask</folder>
	<filename>14-with-mask.jpg</filename>
	<path>D:\labelimg\data\mask\14-with-mask.jpg</path>
	<source>
		<database>Unknown</database>
	</source>
	<size>
		<width>184</width>
		<height>274</height>
		<depth>3</depth>
	</size>
	<segmented>0</segmented>
	<object>
		<name>mask</name>
		<pose>Unspecified</pose>
		<truncated>0</truncated>
		<difficult>0</difficult>
		<bndbox>
			<xmin>55</xmin>
			<ymin>98</ymin>
			<xmax>141</xmax>
			<ymax>150</ymax>
		</bndbox>
	</object>
</annotation>
