<annotation>
	<folder>mask</folder>
	<filename>141-with-mask.jpg</filename>
	<path>D:\labelimg\data\mask\141-with-mask.jpg</path>
	<source>
		<database>Unknown</database>
	</source>
	<size>
		<width>197</width>
		<height>256</height>
		<depth>3</depth>
	</size>
	<segmented>0</segmented>
	<object>
		<name>mask</name>
		<pose>Unspecified</pose>
		<truncated>0</truncated>
		<difficult>0</difficult>
		<bndbox>
			<xmin>13</xmin>
			<ymin>104</ymin>
			<xmax>175</xmax>
			<ymax>229</ymax>
		</bndbox>
	</object>
</annotation>
