<annotation>
	<folder>mask</folder>
	<filename>142-with-mask.jpg</filename>
	<path>D:\labelimg\data\mask\142-with-mask.jpg</path>
	<source>
		<database>Unknown</database>
	</source>
	<size>
		<width>196</width>
		<height>258</height>
		<depth>3</depth>
	</size>
	<segmented>0</segmented>
	<object>
		<name>mask</name>
		<pose>Unspecified</pose>
		<truncated>0</truncated>
		<difficult>0</difficult>
		<bndbox>
			<xmin>44</xmin>
			<ymin>108</ymin>
			<xmax>162</xmax>
			<ymax>182</ymax>
		</bndbox>
	</object>
</annotation>
