<annotation>
	<folder>mask</folder>
	<filename>143-with-mask.jpg</filename>
	<path>D:\labelimg\data\mask\143-with-mask.jpg</path>
	<source>
		<database>Unknown</database>
	</source>
	<size>
		<width>238</width>
		<height>212</height>
		<depth>3</depth>
	</size>
	<segmented>0</segmented>
	<object>
		<name>mask</name>
		<pose>Unspecified</pose>
		<truncated>1</truncated>
		<difficult>0</difficult>
		<bndbox>
			<xmin>1</xmin>
			<ymin>59</ymin>
			<xmax>90</xmax>
			<ymax>120</ymax>
		</bndbox>
	</object>
</annotation>
