<annotation>
	<folder>mask</folder>
	<filename>146-with-mask.jpg</filename>
	<path>D:\labelimg\data\mask\146-with-mask.jpg</path>
	<source>
		<database>Unknown</database>
	</source>
	<size>
		<width>321</width>
		<height>434</height>
		<depth>3</depth>
	</size>
	<segmented>0</segmented>
	<object>
		<name>mask</name>
		<pose>Unspecified</pose>
		<truncated>0</truncated>
		<difficult>0</difficult>
		<bndbox>
			<xmin>47</xmin>
			<ymin>180</ymin>
			<xmax>284</xmax>
			<ymax>326</ymax>
		</bndbox>
	</object>
</annotation>
