<annotation>
	<folder>mask</folder>
	<filename>15-with-mask.jpg</filename>
	<path>D:\labelimg\data\mask\15-with-mask.jpg</path>
	<source>
		<database>Unknown</database>
	</source>
	<size>
		<width>467</width>
		<height>350</height>
		<depth>3</depth>
	</size>
	<segmented>0</segmented>
	<object>
		<name>mask</name>
		<pose>Unspecified</pose>
		<truncated>0</truncated>
		<difficult>0</difficult>
		<bndbox>
			<xmin>109</xmin>
			<ymin>136</ymin>
			<xmax>318</xmax>
			<ymax>268</ymax>
		</bndbox>
	</object>
</annotation>
