<annotation>
	<folder>mask</folder>
	<filename>150-with-mask.jpg</filename>
	<path>D:\labelimg\data\mask\150-with-mask.jpg</path>
	<source>
		<database>Unknown</database>
	</source>
	<size>
		<width>414</width>
		<height>534</height>
		<depth>3</depth>
	</size>
	<segmented>0</segmented>
	<object>
		<name>mask</name>
		<pose>Unspecified</pose>
		<truncated>0</truncated>
		<difficult>0</difficult>
		<bndbox>
			<xmin>31</xmin>
			<ymin>270</ymin>
			<xmax>337</xmax>
			<ymax>460</ymax>
		</bndbox>
	</object>
</annotation>
