<annotation>
	<folder>mask</folder>
	<filename>153-with-mask.jpg</filename>
	<path>D:\labelimg\data\mask\153-with-mask.jpg</path>
	<source>
		<database>Unknown</database>
	</source>
	<size>
		<width>195</width>
		<height>259</height>
		<depth>3</depth>
	</size>
	<segmented>0</segmented>
	<object>
		<name>mask</name>
		<pose>Unspecified</pose>
		<truncated>0</truncated>
		<difficult>0</difficult>
		<bndbox>
			<xmin>14</xmin>
			<ymin>127</ymin>
			<xmax>182</xmax>
			<ymax>247</ymax>
		</bndbox>
	</object>
</annotation>
