<annotation>
	<folder>mask</folder>
	<filename>154-with-mask.jpg</filename>
	<path>D:\labelimg\data\mask\154-with-mask.jpg</path>
	<source>
		<database>Unknown</database>
	</source>
	<size>
		<width>226</width>
		<height>250</height>
		<depth>3</depth>
	</size>
	<segmented>0</segmented>
	<object>
		<name>mask</name>
		<pose>Unspecified</pose>
		<truncated>0</truncated>
		<difficult>0</difficult>
		<bndbox>
			<xmin>30</xmin>
			<ymin>103</ymin>
			<xmax>175</xmax>
			<ymax>185</ymax>
		</bndbox>
	</object>
</annotation>
