<annotation>
	<folder>mask</folder>
	<filename>155-with-mask.jpg</filename>
	<path>D:\labelimg\data\mask\155-with-mask.jpg</path>
	<source>
		<database>Unknown</database>
	</source>
	<size>
		<width>206</width>
		<height>244</height>
		<depth>3</depth>
	</size>
	<segmented>0</segmented>
	<object>
		<name>mask</name>
		<pose>Unspecified</pose>
		<truncated>0</truncated>
		<difficult>0</difficult>
		<bndbox>
			<xmin>42</xmin>
			<ymin>72</ymin>
			<xmax>130</xmax>
			<ymax>127</ymax>
		</bndbox>
	</object>
</annotation>
