<annotation>
	<folder>mask</folder>
	<filename>157-with-mask.jpg</filename>
	<path>D:\labelimg\data\mask\157-with-mask.jpg</path>
	<source>
		<database>Unknown</database>
	</source>
	<size>
		<width>374</width>
		<height>584</height>
		<depth>3</depth>
	</size>
	<segmented>0</segmented>
	<object>
		<name>mask</name>
		<pose>Unspecified</pose>
		<truncated>0</truncated>
		<difficult>0</difficult>
		<bndbox>
			<xmin>74</xmin>
			<ymin>320</ymin>
			<xmax>346</xmax>
			<ymax>501</ymax>
		</bndbox>
	</object>
</annotation>
