<annotation>
	<folder>mask</folder>
	<filename>159-with-mask.jpg</filename>
	<path>D:\labelimg\data\mask\159-with-mask.jpg</path>
	<source>
		<database>Unknown</database>
	</source>
	<size>
		<width>201</width>
		<height>289</height>
		<depth>3</depth>
	</size>
	<segmented>0</segmented>
	<object>
		<name>mask</name>
		<pose>Unspecified</pose>
		<truncated>0</truncated>
		<difficult>0</difficult>
		<bndbox>
			<xmin>7</xmin>
			<ymin>143</ymin>
			<xmax>154</xmax>
			<ymax>235</ymax>
		</bndbox>
	</object>
</annotation>
