<annotation>
	<folder>mask</folder>
	<filename>16-with-mask.jpg</filename>
	<path>D:\labelimg\data\mask\16-with-mask.jpg</path>
	<source>
		<database>Unknown</database>
	</source>
	<size>
		<width>332</width>
		<height>432</height>
		<depth>3</depth>
	</size>
	<segmented>0</segmented>
	<object>
		<name>mask</name>
		<pose>Unspecified</pose>
		<truncated>0</truncated>
		<difficult>0</difficult>
		<bndbox>
			<xmin>70</xmin>
			<ymin>175</ymin>
			<xmax>250</xmax>
			<ymax>295</ymax>
		</bndbox>
	</object>
</annotation>
