<annotation>
	<folder>mask</folder>
	<filename>161-with-mask.jpg</filename>
	<path>D:\labelimg\data\mask\161-with-mask.jpg</path>
	<source>
		<database>Unknown</database>
	</source>
	<size>
		<width>188</width>
		<height>283</height>
		<depth>3</depth>
	</size>
	<segmented>0</segmented>
	<object>
		<name>mask</name>
		<pose>Unspecified</pose>
		<truncated>1</truncated>
		<difficult>0</difficult>
		<bndbox>
			<xmin>1</xmin>
			<ymin>167</ymin>
			<xmax>144</xmax>
			<ymax>245</ymax>
		</bndbox>
	</object>
</annotation>
