<annotation>
	<folder>mask</folder>
	<filename>164-with-mask.jpg</filename>
	<path>D:\labelimg\data\mask\164-with-mask.jpg</path>
	<source>
		<database>Unknown</database>
	</source>
	<size>
		<width>192</width>
		<height>262</height>
		<depth>3</depth>
	</size>
	<segmented>0</segmented>
	<object>
		<name>mask</name>
		<pose>Unspecified</pose>
		<truncated>0</truncated>
		<difficult>0</difficult>
		<bndbox>
			<xmin>18</xmin>
			<ymin>123</ymin>
			<xmax>155</xmax>
			<ymax>208</ymax>
		</bndbox>
	</object>
</annotation>
