<annotation>
	<folder>mask</folder>
	<filename>17-with-mask.jpg</filename>
	<path>D:\labelimg\data\mask\17-with-mask.jpg</path>
	<source>
		<database>Unknown</database>
	</source>
	<size>
		<width>603</width>
		<height>350</height>
		<depth>3</depth>
	</size>
	<segmented>0</segmented>
	<object>
		<name>mask</name>
		<pose>Unspecified</pose>
		<truncated>0</truncated>
		<difficult>0</difficult>
		<bndbox>
			<xmin>174</xmin>
			<ymin>175</ymin>
			<xmax>396</xmax>
			<ymax>312</ymax>
		</bndbox>
	</object>
</annotation>
