<annotation>
	<folder>mask</folder>
	<filename>171-with-mask.jpg</filename>
	<path>D:\labelimg\data\mask\171-with-mask.jpg</path>
	<source>
		<database>Unknown</database>
	</source>
	<size>
		<width>318</width>
		<height>442</height>
		<depth>3</depth>
	</size>
	<segmented>0</segmented>
	<object>
		<name>mask</name>
		<pose>Unspecified</pose>
		<truncated>0</truncated>
		<difficult>0</difficult>
		<bndbox>
			<xmin>48</xmin>
			<ymin>212</ymin>
			<xmax>280</xmax>
			<ymax>368</ymax>
		</bndbox>
	</object>
</annotation>
