<annotation>
	<folder>mask</folder>
	<filename>174-with-mask.jpg</filename>
	<path>D:\labelimg\data\mask\174-with-mask.jpg</path>
	<source>
		<database>Unknown</database>
	</source>
	<size>
		<width>338</width>
		<height>414</height>
		<depth>3</depth>
	</size>
	<segmented>0</segmented>
	<object>
		<name>mask</name>
		<pose>Unspecified</pose>
		<truncated>0</truncated>
		<difficult>0</difficult>
		<bndbox>
			<xmin>48</xmin>
			<ymin>164</ymin>
			<xmax>257</xmax>
			<ymax>307</ymax>
		</bndbox>
	</object>
</annotation>
