<annotation>
	<folder>mask</folder>
	<filename>177-with-mask.jpg</filename>
	<path>D:\labelimg\data\mask\177-with-mask.jpg</path>
	<source>
		<database>Unknown</database>
	</source>
	<size>
		<width>296</width>
		<height>170</height>
		<depth>3</depth>
	</size>
	<segmented>0</segmented>
	<object>
		<name>mask</name>
		<pose>Unspecified</pose>
		<truncated>0</truncated>
		<difficult>0</difficult>
		<bndbox>
			<xmin>91</xmin>
			<ymin>86</ymin>
			<xmax>184</xmax>
			<ymax>147</ymax>
		</bndbox>
	</object>
</annotation>
