<annotation>
	<folder>mask</folder>
	<filename>179-with-mask.jpg</filename>
	<path>D:\labelimg\data\mask\179-with-mask.jpg</path>
	<source>
		<database>Unknown</database>
	</source>
	<size>
		<width>189</width>
		<height>267</height>
		<depth>3</depth>
	</size>
	<segmented>0</segmented>
	<object>
		<name>mask</name>
		<pose>Unspecified</pose>
		<truncated>0</truncated>
		<difficult>0</difficult>
		<bndbox>
			<xmin>16</xmin>
			<ymin>114</ymin>
			<xmax>170</xmax>
			<ymax>222</ymax>
		</bndbox>
	</object>
</annotation>
