<annotation>
	<folder>mask</folder>
	<filename>18-with-mask.jpg</filename>
	<path>D:\labelimg\data\mask\18-with-mask.jpg</path>
	<source>
		<database>Unknown</database>
	</source>
	<size>
		<width>341</width>
		<height>431</height>
		<depth>3</depth>
	</size>
	<segmented>0</segmented>
	<object>
		<name>mask</name>
		<pose>Unspecified</pose>
		<truncated>0</truncated>
		<difficult>0</difficult>
		<bndbox>
			<xmin>51</xmin>
			<ymin>152</ymin>
			<xmax>279</xmax>
			<ymax>278</ymax>
		</bndbox>
	</object>
</annotation>
