<annotation>
	<folder>mask</folder>
	<filename>181-with-mask.jpg</filename>
	<path>D:\labelimg\data\mask\181-with-mask.jpg</path>
	<source>
		<database>Unknown</database>
	</source>
	<size>
		<width>202</width>
		<height>249</height>
		<depth>3</depth>
	</size>
	<segmented>0</segmented>
	<object>
		<name>mask</name>
		<pose>Unspecified</pose>
		<truncated>0</truncated>
		<difficult>0</difficult>
		<bndbox>
			<xmin>47</xmin>
			<ymin>108</ymin>
			<xmax>150</xmax>
			<ymax>172</ymax>
		</bndbox>
	</object>
</annotation>
