<annotation>
	<folder>mask</folder>
	<filename>184-with-mask.jpg</filename>
	<path>D:\labelimg\data\mask\184-with-mask.jpg</path>
	<source>
		<database>Unknown</database>
	</source>
	<size>
		<width>379</width>
		<height>465</height>
		<depth>3</depth>
	</size>
	<segmented>0</segmented>
	<object>
		<name>mask</name>
		<pose>Unspecified</pose>
		<truncated>0</truncated>
		<difficult>0</difficult>
		<bndbox>
			<xmin>52</xmin>
			<ymin>269</ymin>
			<xmax>330</xmax>
			<ymax>430</ymax>
		</bndbox>
	</object>
</annotation>
