<annotation>
	<folder>mask</folder>
	<filename>185-with-mask.jpg</filename>
	<path>D:\labelimg\data\mask\185-with-mask.jpg</path>
	<source>
		<database>Unknown</database>
	</source>
	<size>
		<width>270</width>
		<height>152</height>
		<depth>3</depth>
	</size>
	<segmented>0</segmented>
	<object>
		<name>mask</name>
		<pose>Unspecified</pose>
		<truncated>1</truncated>
		<difficult>0</difficult>
		<bndbox>
			<xmin>59</xmin>
			<ymin>53</ymin>
			<xmax>229</xmax>
			<ymax>152</ymax>
		</bndbox>
	</object>
</annotation>
