<annotation>
	<folder>mask</folder>
	<filename>186-with-mask.jpg</filename>
	<path>D:\labelimg\data\mask\186-with-mask.jpg</path>
	<source>
		<database>Unknown</database>
	</source>
	<size>
		<width>327</width>
		<height>433</height>
		<depth>3</depth>
	</size>
	<segmented>0</segmented>
	<object>
		<name>mask</name>
		<pose>Unspecified</pose>
		<truncated>0</truncated>
		<difficult>0</difficult>
		<bndbox>
			<xmin>56</xmin>
			<ymin>187</ymin>
			<xmax>284</xmax>
			<ymax>359</ymax>
		</bndbox>
	</object>
</annotation>
