<annotation>
	<folder>mask</folder>
	<filename>189-with-mask.jpg</filename>
	<path>D:\labelimg\data\mask\189-with-mask.jpg</path>
	<source>
		<database>Unknown</database>
	</source>
	<size>
		<width>246</width>
		<height>352</height>
		<depth>3</depth>
	</size>
	<segmented>0</segmented>
	<object>
		<name>mask</name>
		<pose>Unspecified</pose>
		<truncated>0</truncated>
		<difficult>0</difficult>
		<bndbox>
			<xmin>30</xmin>
			<ymin>140</ymin>
			<xmax>203</xmax>
			<ymax>253</ymax>
		</bndbox>
	</object>
</annotation>
