<annotation>
	<folder>mask</folder>
	<filename>19-with-mask.jpg</filename>
	<path>D:\labelimg\data\mask\19-with-mask.jpg</path>
	<source>
		<database>Unknown</database>
	</source>
	<size>
		<width>603</width>
		<height>340</height>
		<depth>3</depth>
	</size>
	<segmented>0</segmented>
	<object>
		<name>mask</name>
		<pose>Unspecified</pose>
		<truncated>0</truncated>
		<difficult>0</difficult>
		<bndbox>
			<xmin>255</xmin>
			<ymin>137</ymin>
			<xmax>390</xmax>
			<ymax>224</ymax>
		</bndbox>
	</object>
</annotation>
