<annotation>
	<folder>mask</folder>
	<filename>190-with-mask.jpg</filename>
	<path>D:\labelimg\data\mask\190-with-mask.jpg</path>
	<source>
		<database>Unknown</database>
	</source>
	<size>
		<width>590</width>
		<height>960</height>
		<depth>3</depth>
	</size>
	<segmented>0</segmented>
	<object>
		<name>mask</name>
		<pose>Unspecified</pose>
		<truncated>0</truncated>
		<difficult>0</difficult>
		<bndbox>
			<xmin>174</xmin>
			<ymin>316</ymin>
			<xmax>451</xmax>
			<ymax>475</ymax>
		</bndbox>
	</object>
</annotation>
