<annotation>
	<folder>mask</folder>
	<filename>195-with-mask.jpg</filename>
	<path>D:\labelimg\data\mask\195-with-mask.jpg</path>
	<source>
		<database>Unknown</database>
	</source>
	<size>
		<width>740</width>
		<height>516</height>
		<depth>3</depth>
	</size>
	<segmented>0</segmented>
	<object>
		<name>mask</name>
		<pose>Unspecified</pose>
		<truncated>0</truncated>
		<difficult>0</difficult>
		<bndbox>
			<xmin>198</xmin>
			<ymin>144</ymin>
			<xmax>445</xmax>
			<ymax>312</ymax>
		</bndbox>
	</object>
</annotation>
