<annotation>
	<folder>mask</folder>
	<filename>2-with-mask.jpg</filename>
	<path>D:\labelimg\data\mask\2-with-mask.jpg</path>
	<source>
		<database>Unknown</database>
	</source>
	<size>
		<width>510</width>
		<height>340</height>
		<depth>3</depth>
	</size>
	<segmented>0</segmented>
	<object>
		<name>mask</name>
		<pose>Unspecified</pose>
		<truncated>0</truncated>
		<difficult>0</difficult>
		<bndbox>
			<xmin>167</xmin>
			<ymin>190</ymin>
			<xmax>337</xmax>
			<ymax>292</ymax>
		</bndbox>
	</object>
</annotation>
