<annotation>
	<folder>mask</folder>
	<filename>20-with-mask.jpg</filename>
	<path>D:\labelimg\data\mask\20-with-mask.jpg</path>
	<source>
		<database>Unknown</database>
	</source>
	<size>
		<width>495</width>
		<height>350</height>
		<depth>3</depth>
	</size>
	<segmented>0</segmented>
	<object>
		<name>mask</name>
		<pose>Unspecified</pose>
		<truncated>0</truncated>
		<difficult>0</difficult>
		<bndbox>
			<xmin>137</xmin>
			<ymin>159</ymin>
			<xmax>332</xmax>
			<ymax>282</ymax>
		</bndbox>
	</object>
</annotation>
