<annotation>
	<folder>mask</folder>
	<filename>200-with-mask.jpg</filename>
	<path>D:\labelimg\data\mask\200-with-mask.jpg</path>
	<source>
		<database>Unknown</database>
	</source>
	<size>
		<width>301</width>
		<height>461</height>
		<depth>3</depth>
	</size>
	<segmented>0</segmented>
	<object>
		<name>mask</name>
		<pose>Unspecified</pose>
		<truncated>0</truncated>
		<difficult>0</difficult>
		<bndbox>
			<xmin>83</xmin>
			<ymin>116</ymin>
			<xmax>239</xmax>
			<ymax>218</ymax>
		</bndbox>
	</object>
</annotation>
