<annotation>
	<folder>mask</folder>
	<filename>203-with-mask.jpg</filename>
	<path>D:\labelimg\data\mask\203-with-mask.jpg</path>
	<source>
		<database>Unknown</database>
	</source>
	<size>
		<width>300</width>
		<height>168</height>
		<depth>3</depth>
	</size>
	<segmented>0</segmented>
	<object>
		<name>mask</name>
		<pose>Unspecified</pose>
		<truncated>0</truncated>
		<difficult>0</difficult>
		<bndbox>
			<xmin>105</xmin>
			<ymin>92</ymin>
			<xmax>200</xmax>
			<ymax>158</ymax>
		</bndbox>
	</object>
</annotation>
