<annotation>
	<folder>mask</folder>
	<filename>208-with-mask.jpg</filename>
	<path>D:\labelimg\data\mask\208-with-mask.jpg</path>
	<source>
		<database>Unknown</database>
	</source>
	<size>
		<width>261</width>
		<height>193</height>
		<depth>3</depth>
	</size>
	<segmented>0</segmented>
	<object>
		<name>mask</name>
		<pose>Unspecified</pose>
		<truncated>0</truncated>
		<difficult>0</difficult>
		<bndbox>
			<xmin>121</xmin>
			<ymin>70</ymin>
			<xmax>211</xmax>
			<ymax>137</ymax>
		</bndbox>
	</object>
</annotation>
