<annotation>
	<folder>mask</folder>
	<filename>210-with-mask.jpg</filename>
	<path>D:\labelimg\data\mask\210-with-mask.jpg</path>
	<source>
		<database>Unknown</database>
	</source>
	<size>
		<width>222</width>
		<height>227</height>
		<depth>3</depth>
	</size>
	<segmented>0</segmented>
	<object>
		<name>mask</name>
		<pose>Unspecified</pose>
		<truncated>0</truncated>
		<difficult>0</difficult>
		<bndbox>
			<xmin>19</xmin>
			<ymin>80</ymin>
			<xmax>199</xmax>
			<ymax>205</ymax>
		</bndbox>
	</object>
</annotation>
