<annotation>
	<folder>mask</folder>
	<filename>211-with-mask.jpg</filename>
	<path>D:\labelimg\data\mask\211-with-mask.jpg</path>
	<source>
		<database>Unknown</database>
	</source>
	<size>
		<width>225</width>
		<height>225</height>
		<depth>3</depth>
	</size>
	<segmented>0</segmented>
	<object>
		<name>mask</name>
		<pose>Unspecified</pose>
		<truncated>0</truncated>
		<difficult>0</difficult>
		<bndbox>
			<xmin>62</xmin>
			<ymin>129</ymin>
			<xmax>151</xmax>
			<ymax>186</ymax>
		</bndbox>
	</object>
</annotation>
