<annotation>
	<folder>mask</folder>
	<filename>212-with-mask.jpg</filename>
	<path>D:\labelimg\data\mask\212-with-mask.jpg</path>
	<source>
		<database>Unknown</database>
	</source>
	<size>
		<width>300</width>
		<height>418</height>
		<depth>3</depth>
	</size>
	<segmented>0</segmented>
	<object>
		<name>mask</name>
		<pose>Unspecified</pose>
		<truncated>0</truncated>
		<difficult>0</difficult>
		<bndbox>
			<xmin>27</xmin>
			<ymin>184</ymin>
			<xmax>260</xmax>
			<ymax>326</ymax>
		</bndbox>
	</object>
</annotation>
