<annotation>
	<folder>mask</folder>
	<filename>214-with-mask.jpg</filename>
	<path>D:\labelimg\data\mask\214-with-mask.jpg</path>
	<source>
		<database>Unknown</database>
	</source>
	<size>
		<width>207</width>
		<height>329</height>
		<depth>3</depth>
	</size>
	<segmented>0</segmented>
	<object>
		<name>mask</name>
		<pose>Unspecified</pose>
		<truncated>0</truncated>
		<difficult>0</difficult>
		<bndbox>
			<xmin>32</xmin>
			<ymin>159</ymin>
			<xmax>181</xmax>
			<ymax>248</ymax>
		</bndbox>
	</object>
</annotation>
