<annotation>
	<folder>mask</folder>
	<filename>220-with-mask.jpg</filename>
	<path>D:\labelimg\data\mask\220-with-mask.jpg</path>
	<source>
		<database>Unknown</database>
	</source>
	<size>
		<width>309</width>
		<height>322</height>
		<depth>3</depth>
	</size>
	<segmented>0</segmented>
	<object>
		<name>mask</name>
		<pose>Unspecified</pose>
		<truncated>0</truncated>
		<difficult>0</difficult>
		<bndbox>
			<xmin>74</xmin>
			<ymin>146</ymin>
			<xmax>213</xmax>
			<ymax>236</ymax>
		</bndbox>
	</object>
</annotation>
