<annotation>
	<folder>mask</folder>
	<filename>223-with-mask.jpg</filename>
	<path>D:\labelimg\data\mask\223-with-mask.jpg</path>
	<source>
		<database>Unknown</database>
	</source>
	<size>
		<width>183</width>
		<height>275</height>
		<depth>3</depth>
	</size>
	<segmented>0</segmented>
	<object>
		<name>mask</name>
		<pose>Unspecified</pose>
		<truncated>0</truncated>
		<difficult>0</difficult>
		<bndbox>
			<xmin>16</xmin>
			<ymin>99</ymin>
			<xmax>167</xmax>
			<ymax>203</ymax>
		</bndbox>
	</object>
</annotation>
