<annotation>
	<folder>mask</folder>
	<filename>226-with-mask.jpg</filename>
	<path>D:\labelimg\data\mask\226-with-mask.jpg</path>
	<source>
		<database>Unknown</database>
	</source>
	<size>
		<width>110</width>
		<height>222</height>
		<depth>3</depth>
	</size>
	<segmented>0</segmented>
	<object>
		<name>mask</name>
		<pose>Unspecified</pose>
		<truncated>1</truncated>
		<difficult>0</difficult>
		<bndbox>
			<xmin>1</xmin>
			<ymin>126</ymin>
			<xmax>110</xmax>
			<ymax>196</ymax>
		</bndbox>
	</object>
</annotation>
