<annotation>
	<folder>mask</folder>
	<filename>227-with-mask.jpg</filename>
	<path>D:\labelimg\data\mask\227-with-mask.jpg</path>
	<source>
		<database>Unknown</database>
	</source>
	<size>
		<width>797</width>
		<height>650</height>
		<depth>3</depth>
	</size>
	<segmented>0</segmented>
	<object>
		<name>mask</name>
		<pose>Unspecified</pose>
		<truncated>0</truncated>
		<difficult>0</difficult>
		<bndbox>
			<xmin>275</xmin>
			<ymin>328</ymin>
			<xmax>591</xmax>
			<ymax>539</ymax>
		</bndbox>
	</object>
</annotation>
