<annotation>
	<folder>mask</folder>
	<filename>229-with-mask.jpg</filename>
	<path>D:\labelimg\data\mask\229-with-mask.jpg</path>
	<source>
		<database>Unknown</database>
	</source>
	<size>
		<width>316</width>
		<height>313</height>
		<depth>3</depth>
	</size>
	<segmented>0</segmented>
	<object>
		<name>mask</name>
		<pose>Unspecified</pose>
		<truncated>0</truncated>
		<difficult>0</difficult>
		<bndbox>
			<xmin>107</xmin>
			<ymin>101</ymin>
			<xmax>247</xmax>
			<ymax>195</ymax>
		</bndbox>
	</object>
</annotation>
