<annotation>
	<folder>mask</folder>
	<filename>230-with-mask.jpg</filename>
	<path>D:\labelimg\data\mask\230-with-mask.jpg</path>
	<source>
		<database>Unknown</database>
	</source>
	<size>
		<width>353</width>
		<height>502</height>
		<depth>3</depth>
	</size>
	<segmented>0</segmented>
	<object>
		<name>mask</name>
		<pose>Unspecified</pose>
		<truncated>1</truncated>
		<difficult>0</difficult>
		<bndbox>
			<xmin>64</xmin>
			<ymin>233</ymin>
			<xmax>353</xmax>
			<ymax>427</ymax>
		</bndbox>
	</object>
</annotation>
