<annotation>
	<folder>mask</folder>
	<filename>233-with-mask.jpg</filename>
	<path>D:\labelimg\data\mask\233-with-mask.jpg</path>
	<source>
		<database>Unknown</database>
	</source>
	<size>
		<width>249</width>
		<height>203</height>
		<depth>3</depth>
	</size>
	<segmented>0</segmented>
	<object>
		<name>mask</name>
		<pose>Unspecified</pose>
		<truncated>0</truncated>
		<difficult>0</difficult>
		<bndbox>
			<xmin>53</xmin>
			<ymin>101</ymin>
			<xmax>192</xmax>
			<ymax>188</ymax>
		</bndbox>
	</object>
</annotation>
