<annotation>
	<folder>mask</folder>
	<filename>234-with-mask.jpg</filename>
	<path>D:\labelimg\data\mask\234-with-mask.jpg</path>
	<source>
		<database>Unknown</database>
	</source>
	<size>
		<width>290</width>
		<height>417</height>
		<depth>3</depth>
	</size>
	<segmented>0</segmented>
	<object>
		<name>mask</name>
		<pose>Unspecified</pose>
		<truncated>0</truncated>
		<difficult>0</difficult>
		<bndbox>
			<xmin>23</xmin>
			<ymin>201</ymin>
			<xmax>223</xmax>
			<ymax>317</ymax>
		</bndbox>
	</object>
</annotation>
