<annotation>
	<folder>mask</folder>
	<filename>237-with-mask.jpg</filename>
	<path>D:\labelimg\data\mask\237-with-mask.jpg</path>
	<source>
		<database>Unknown</database>
	</source>
	<size>
		<width>242</width>
		<height>359</height>
		<depth>3</depth>
	</size>
	<segmented>0</segmented>
	<object>
		<name>mask</name>
		<pose>Unspecified</pose>
		<truncated>0</truncated>
		<difficult>0</difficult>
		<bndbox>
			<xmin>12</xmin>
			<ymin>156</ymin>
			<xmax>210</xmax>
			<ymax>280</ymax>
		</bndbox>
	</object>
</annotation>
