<annotation>
	<folder>mask</folder>
	<filename>238-with-mask.jpg</filename>
	<path>D:\labelimg\data\mask\238-with-mask.jpg</path>
	<source>
		<database>Unknown</database>
	</source>
	<size>
		<width>187</width>
		<height>270</height>
		<depth>3</depth>
	</size>
	<segmented>0</segmented>
	<object>
		<name>mask</name>
		<pose>Unspecified</pose>
		<truncated>0</truncated>
		<difficult>0</difficult>
		<bndbox>
			<xmin>52</xmin>
			<ymin>129</ymin>
			<xmax>122</xmax>
			<ymax>178</ymax>
		</bndbox>
	</object>
</annotation>
