<annotation>
	<folder>mask</folder>
	<filename>24-with-mask.jpg</filename>
	<path>D:\labelimg\data\mask\24-with-mask.jpg</path>
	<source>
		<database>Unknown</database>
	</source>
	<size>
		<width>349</width>
		<height>367</height>
		<depth>3</depth>
	</size>
	<segmented>0</segmented>
	<object>
		<name>mask</name>
		<pose>Unspecified</pose>
		<truncated>0</truncated>
		<difficult>0</difficult>
		<bndbox>
			<xmin>33</xmin>
			<ymin>141</ymin>
			<xmax>249</xmax>
			<ymax>258</ymax>
		</bndbox>
	</object>
</annotation>
