<annotation>
	<folder>mask</folder>
	<filename>240-with-mask.jpg</filename>
	<path>D:\labelimg\data\mask\240-with-mask.jpg</path>
	<source>
		<database>Unknown</database>
	</source>
	<size>
		<width>179</width>
		<height>281</height>
		<depth>3</depth>
	</size>
	<segmented>0</segmented>
	<object>
		<name>mask</name>
		<pose>Unspecified</pose>
		<truncated>0</truncated>
		<difficult>0</difficult>
		<bndbox>
			<xmin>42</xmin>
			<ymin>121</ymin>
			<xmax>143</xmax>
			<ymax>206</ymax>
		</bndbox>
	</object>
</annotation>
