<annotation>
	<folder>mask</folder>
	<filename>243-with-mask.jpg</filename>
	<path>D:\labelimg\data\mask\243-with-mask.jpg</path>
	<source>
		<database>Unknown</database>
	</source>
	<size>
		<width>345</width>
		<height>390</height>
		<depth>3</depth>
	</size>
	<segmented>0</segmented>
	<object>
		<name>mask</name>
		<pose>Unspecified</pose>
		<truncated>0</truncated>
		<difficult>0</difficult>
		<bndbox>
			<xmin>92</xmin>
			<ymin>134</ymin>
			<xmax>259</xmax>
			<ymax>234</ymax>
		</bndbox>
	</object>
</annotation>
