<annotation>
	<folder>mask</folder>
	<filename>244-with-mask.jpg</filename>
	<path>D:\labelimg\data\mask\244-with-mask.jpg</path>
	<source>
		<database>Unknown</database>
	</source>
	<size>
		<width>209</width>
		<height>247</height>
		<depth>3</depth>
	</size>
	<segmented>0</segmented>
	<object>
		<name>mask</name>
		<pose>Unspecified</pose>
		<truncated>0</truncated>
		<difficult>0</difficult>
		<bndbox>
			<xmin>47</xmin>
			<ymin>123</ymin>
			<xmax>172</xmax>
			<ymax>200</ymax>
		</bndbox>
	</object>
</annotation>
