<annotation>
	<folder>mask</folder>
	<filename>248-with-mask.jpg</filename>
	<path>D:\labelimg\data\mask\248-with-mask.jpg</path>
	<source>
		<database>Unknown</database>
	</source>
	<size>
		<width>315</width>
		<height>395</height>
		<depth>3</depth>
	</size>
	<segmented>0</segmented>
	<object>
		<name>mask</name>
		<pose>Unspecified</pose>
		<truncated>0</truncated>
		<difficult>0</difficult>
		<bndbox>
			<xmin>44</xmin>
			<ymin>184</ymin>
			<xmax>245</xmax>
			<ymax>310</ymax>
		</bndbox>
	</object>
</annotation>
