<annotation>
	<folder>mask</folder>
	<filename>251-with-mask.jpg</filename>
	<path>D:\labelimg\data\mask\251-with-mask.jpg</path>
	<source>
		<database>Unknown</database>
	</source>
	<size>
		<width>388</width>
		<height>489</height>
		<depth>3</depth>
	</size>
	<segmented>0</segmented>
	<object>
		<name>mask</name>
		<pose>Unspecified</pose>
		<truncated>0</truncated>
		<difficult>0</difficult>
		<bndbox>
			<xmin>88</xmin>
			<ymin>164</ymin>
			<xmax>239</xmax>
			<ymax>260</ymax>
		</bndbox>
	</object>
</annotation>
