<annotation>
	<folder>mask</folder>
	<filename>253-with-mask.jpg</filename>
	<path>D:\labelimg\data\mask\253-with-mask.jpg</path>
	<source>
		<database>Unknown</database>
	</source>
	<size>
		<width>318</width>
		<height>442</height>
		<depth>3</depth>
	</size>
	<segmented>0</segmented>
	<object>
		<name>mask</name>
		<pose>Unspecified</pose>
		<truncated>0</truncated>
		<difficult>0</difficult>
		<bndbox>
			<xmin>27</xmin>
			<ymin>199</ymin>
			<xmax>262</xmax>
			<ymax>351</ymax>
		</bndbox>
	</object>
</annotation>
