<annotation>
	<folder>mask</folder>
	<filename>254-with-mask.jpg</filename>
	<path>D:\labelimg\data\mask\254-with-mask.jpg</path>
	<source>
		<database>Unknown</database>
	</source>
	<size>
		<width>166</width>
		<height>251</height>
		<depth>3</depth>
	</size>
	<segmented>0</segmented>
	<object>
		<name>mask</name>
		<pose>Unspecified</pose>
		<truncated>0</truncated>
		<difficult>0</difficult>
		<bndbox>
			<xmin>24</xmin>
			<ymin>111</ymin>
			<xmax>114</xmax>
			<ymax>162</ymax>
		</bndbox>
	</object>
</annotation>
