<annotation>
	<folder>mask</folder>
	<filename>26-with-mask.jpg</filename>
	<path>D:\labelimg\data\mask\26-with-mask.jpg</path>
	<source>
		<database>Unknown</database>
	</source>
	<size>
		<width>444</width>
		<height>455</height>
		<depth>3</depth>
	</size>
	<segmented>0</segmented>
	<object>
		<name>mask</name>
		<pose>Unspecified</pose>
		<truncated>0</truncated>
		<difficult>0</difficult>
		<bndbox>
			<xmin>77</xmin>
			<ymin>189</ymin>
			<xmax>302</xmax>
			<ymax>328</ymax>
		</bndbox>
	</object>
</annotation>
