<annotation>
	<folder>mask</folder>
	<filename>260-with-mask.jpg</filename>
	<path>D:\labelimg\data\mask\260-with-mask.jpg</path>
	<source>
		<database>Unknown</database>
	</source>
	<size>
		<width>320</width>
		<height>428</height>
		<depth>3</depth>
	</size>
	<segmented>0</segmented>
	<object>
		<name>mask</name>
		<pose>Unspecified</pose>
		<truncated>0</truncated>
		<difficult>0</difficult>
		<bndbox>
			<xmin>52</xmin>
			<ymin>194</ymin>
			<xmax>278</xmax>
			<ymax>352</ymax>
		</bndbox>
	</object>
</annotation>
