<annotation>
	<folder>mask</folder>
	<filename>265-with-mask.jpg</filename>
	<path>D:\labelimg\data\mask\265-with-mask.jpg</path>
	<source>
		<database>Unknown</database>
	</source>
	<size>
		<width>225</width>
		<height>224</height>
		<depth>3</depth>
	</size>
	<segmented>0</segmented>
	<object>
		<name>mask</name>
		<pose>Unspecified</pose>
		<truncated>0</truncated>
		<difficult>0</difficult>
		<bndbox>
			<xmin>73</xmin>
			<ymin>77</ymin>
			<xmax>161</xmax>
			<ymax>134</ymax>
		</bndbox>
	</object>
</annotation>
