<annotation>
	<folder>mask</folder>
	<filename>268-with-mask.jpg</filename>
	<path>D:\labelimg\data\mask\268-with-mask.jpg</path>
	<source>
		<database>Unknown</database>
	</source>
	<size>
		<width>294</width>
		<height>395</height>
		<depth>3</depth>
	</size>
	<segmented>0</segmented>
	<object>
		<name>mask</name>
		<pose>Unspecified</pose>
		<truncated>1</truncated>
		<difficult>0</difficult>
		<bndbox>
			<xmin>1</xmin>
			<ymin>208</ymin>
			<xmax>233</xmax>
			<ymax>356</ymax>
		</bndbox>
	</object>
</annotation>
