<annotation>
	<folder>mask</folder>
	<filename>269-with-mask.jpg</filename>
	<path>D:\labelimg\data\mask\269-with-mask.jpg</path>
	<source>
		<database>Unknown</database>
	</source>
	<size>
		<width>277</width>
		<height>405</height>
		<depth>3</depth>
	</size>
	<segmented>0</segmented>
	<object>
		<name>mask</name>
		<pose>Unspecified</pose>
		<truncated>0</truncated>
		<difficult>0</difficult>
		<bndbox>
			<xmin>52</xmin>
			<ymin>171</ymin>
			<xmax>228</xmax>
			<ymax>281</ymax>
		</bndbox>
	</object>
</annotation>
