<annotation>
	<folder>mask</folder>
	<filename>270-with-mask.jpg</filename>
	<path>D:\labelimg\data\mask\270-with-mask.jpg</path>
	<source>
		<database>Unknown</database>
	</source>
	<size>
		<width>408</width>
		<height>432</height>
		<depth>3</depth>
	</size>
	<segmented>0</segmented>
	<object>
		<name>mask</name>
		<pose>Unspecified</pose>
		<truncated>0</truncated>
		<difficult>0</difficult>
		<bndbox>
			<xmin>43</xmin>
			<ymin>150</ymin>
			<xmax>290</xmax>
			<ymax>327</ymax>
		</bndbox>
	</object>
</annotation>
