<annotation>
	<folder>mask</folder>
	<filename>272-with-mask.jpg</filename>
	<path>D:\labelimg\data\mask\272-with-mask.jpg</path>
	<source>
		<database>Unknown</database>
	</source>
	<size>
		<width>190</width>
		<height>266</height>
		<depth>3</depth>
	</size>
	<segmented>0</segmented>
	<object>
		<name>mask</name>
		<pose>Unspecified</pose>
		<truncated>0</truncated>
		<difficult>0</difficult>
		<bndbox>
			<xmin>29</xmin>
			<ymin>110</ymin>
			<xmax>140</xmax>
			<ymax>185</ymax>
		</bndbox>
	</object>
</annotation>
