<annotation>
	<folder>mask</folder>
	<filename>275-with-mask.jpg</filename>
	<path>D:\labelimg\data\mask\275-with-mask.jpg</path>
	<source>
		<database>Unknown</database>
	</source>
	<size>
		<width>214</width>
		<height>316</height>
		<depth>3</depth>
	</size>
	<segmented>0</segmented>
	<object>
		<name>mask</name>
		<pose>Unspecified</pose>
		<truncated>0</truncated>
		<difficult>0</difficult>
		<bndbox>
			<xmin>19</xmin>
			<ymin>131</ymin>
			<xmax>186</xmax>
			<ymax>239</ymax>
		</bndbox>
	</object>
</annotation>
