<annotation>
	<folder>mask</folder>
	<filename>285-with-mask.jpg</filename>
	<path>D:\labelimg\data\mask\285-with-mask.jpg</path>
	<source>
		<database>Unknown</database>
	</source>
	<size>
		<width>365</width>
		<height>418</height>
		<depth>3</depth>
	</size>
	<segmented>0</segmented>
	<object>
		<name>mask</name>
		<pose>Unspecified</pose>
		<truncated>0</truncated>
		<difficult>0</difficult>
		<bndbox>
			<xmin>82</xmin>
			<ymin>165</ymin>
			<xmax>280</xmax>
			<ymax>279</ymax>
		</bndbox>
	</object>
</annotation>
