<annotation>
	<folder>mask</folder>
	<filename>291-with-mask.jpg</filename>
	<path>D:\labelimg\data\mask\291-with-mask.jpg</path>
	<source>
		<database>Unknown</database>
	</source>
	<size>
		<width>225</width>
		<height>225</height>
		<depth>3</depth>
	</size>
	<segmented>0</segmented>
	<object>
		<name>mask</name>
		<pose>Unspecified</pose>
		<truncated>0</truncated>
		<difficult>0</difficult>
		<bndbox>
			<xmin>39</xmin>
			<ymin>112</ymin>
			<xmax>204</xmax>
			<ymax>209</ymax>
		</bndbox>
	</object>
</annotation>
