<annotation>
	<folder>mask</folder>
	<filename>292-with-mask.jpg</filename>
	<path>D:\labelimg\data\mask\292-with-mask.jpg</path>
	<source>
		<database>Unknown</database>
	</source>
	<size>
		<width>341</width>
		<height>382</height>
		<depth>3</depth>
	</size>
	<segmented>0</segmented>
	<object>
		<name>mask</name>
		<pose>Unspecified</pose>
		<truncated>0</truncated>
		<difficult>0</difficult>
		<bndbox>
			<xmin>63</xmin>
			<ymin>143</ymin>
			<xmax>236</xmax>
			<ymax>255</ymax>
		</bndbox>
	</object>
</annotation>
