<annotation>
	<folder>mask</folder>
	<filename>297-with-mask.jpg</filename>
	<path>D:\labelimg\data\mask\297-with-mask.jpg</path>
	<source>
		<database>Unknown</database>
	</source>
	<size>
		<width>313</width>
		<height>449</height>
		<depth>3</depth>
	</size>
	<segmented>0</segmented>
	<object>
		<name>mask</name>
		<pose>Unspecified</pose>
		<truncated>0</truncated>
		<difficult>0</difficult>
		<bndbox>
			<xmin>2</xmin>
			<ymin>163</ymin>
			<xmax>221</xmax>
			<ymax>304</ymax>
		</bndbox>
	</object>
</annotation>
