<annotation>
	<folder>mask</folder>
	<filename>299-with-mask.jpg</filename>
	<path>D:\labelimg\data\mask\299-with-mask.jpg</path>
	<source>
		<database>Unknown</database>
	</source>
	<size>
		<width>658</width>
		<height>382</height>
		<depth>3</depth>
	</size>
	<segmented>0</segmented>
	<object>
		<name>mask</name>
		<pose>Unspecified</pose>
		<truncated>0</truncated>
		<difficult>0</difficult>
		<bndbox>
			<xmin>175</xmin>
			<ymin>132</ymin>
			<xmax>363</xmax>
			<ymax>237</ymax>
		</bndbox>
	</object>
</annotation>
