<annotation>
	<folder>mask</folder>
	<filename>3-with-mask.jpg</filename>
	<path>D:\labelimg\data\mask\3-with-mask.jpg</path>
	<source>
		<database>Unknown</database>
	</source>
	<size>
		<width>510</width>
		<height>340</height>
		<depth>3</depth>
	</size>
	<segmented>0</segmented>
	<object>
		<name>mask</name>
		<pose>Unspecified</pose>
		<truncated>0</truncated>
		<difficult>0</difficult>
		<bndbox>
			<xmin>214</xmin>
			<ymin>88</ymin>
			<xmax>308</xmax>
			<ymax>157</ymax>
		</bndbox>
	</object>
</annotation>
