<annotation>
	<folder>mask</folder>
	<filename>30-with-mask.jpg</filename>
	<path>D:\labelimg\data\mask\30-with-mask.jpg</path>
	<source>
		<database>Unknown</database>
	</source>
	<size>
		<width>148</width>
		<height>235</height>
		<depth>3</depth>
	</size>
	<segmented>0</segmented>
	<object>
		<name>mask</name>
		<pose>Unspecified</pose>
		<truncated>0</truncated>
		<difficult>0</difficult>
		<bndbox>
			<xmin>39</xmin>
			<ymin>113</ymin>
			<xmax>124</xmax>
			<ymax>169</ymax>
		</bndbox>
	</object>
</annotation>
