<annotation>
	<folder>mask</folder>
	<filename>301-with-mask.jpg</filename>
	<path>D:\labelimg\data\mask\301-with-mask.jpg</path>
	<source>
		<database>Unknown</database>
	</source>
	<size>
		<width>363</width>
		<height>395</height>
		<depth>3</depth>
	</size>
	<segmented>0</segmented>
	<object>
		<name>mask</name>
		<pose>Unspecified</pose>
		<truncated>0</truncated>
		<difficult>0</difficult>
		<bndbox>
			<xmin>26</xmin>
			<ymin>175</ymin>
			<xmax>334</xmax>
			<ymax>369</ymax>
		</bndbox>
	</object>
</annotation>
