<annotation>
	<folder>mask</folder>
	<filename>303-with-mask.jpg</filename>
	<path>D:\labelimg\data\mask\303-with-mask.jpg</path>
	<source>
		<database>Unknown</database>
	</source>
	<size>
		<width>280</width>
		<height>461</height>
		<depth>3</depth>
	</size>
	<segmented>0</segmented>
	<object>
		<name>mask</name>
		<pose>Unspecified</pose>
		<truncated>0</truncated>
		<difficult>0</difficult>
		<bndbox>
			<xmin>28</xmin>
			<ymin>184</ymin>
			<xmax>272</xmax>
			<ymax>341</ymax>
		</bndbox>
	</object>
</annotation>
