<annotation>
	<folder>mask</folder>
	<filename>305-with-mask.jpg</filename>
	<path>D:\labelimg\data\mask\305-with-mask.jpg</path>
	<source>
		<database>Unknown</database>
	</source>
	<size>
		<width>545</width>
		<height>597</height>
		<depth>3</depth>
	</size>
	<segmented>0</segmented>
	<object>
		<name>mask</name>
		<pose>Unspecified</pose>
		<truncated>0</truncated>
		<difficult>0</difficult>
		<bndbox>
			<xmin>139</xmin>
			<ymin>363</ymin>
			<xmax>431</xmax>
			<ymax>526</ymax>
		</bndbox>
	</object>
</annotation>
