<annotation>
	<folder>mask</folder>
	<filename>307-with-mask.jpg</filename>
	<path>D:\labelimg\data\mask\307-with-mask.jpg</path>
	<source>
		<database>Unknown</database>
	</source>
	<size>
		<width>322</width>
		<height>363</height>
		<depth>3</depth>
	</size>
	<segmented>0</segmented>
	<object>
		<name>mask</name>
		<pose>Unspecified</pose>
		<truncated>0</truncated>
		<difficult>0</difficult>
		<bndbox>
			<xmin>39</xmin>
			<ymin>149</ymin>
			<xmax>264</xmax>
			<ymax>288</ymax>
		</bndbox>
	</object>
</annotation>
