<annotation>
	<folder>mask</folder>
	<filename>308-with-mask.jpg</filename>
	<path>D:\labelimg\data\mask\308-with-mask.jpg</path>
	<source>
		<database>Unknown</database>
	</source>
	<size>
		<width>189</width>
		<height>266</height>
		<depth>3</depth>
	</size>
	<segmented>0</segmented>
	<object>
		<name>mask</name>
		<pose>Unspecified</pose>
		<truncated>0</truncated>
		<difficult>0</difficult>
		<bndbox>
			<xmin>56</xmin>
			<ymin>90</ymin>
			<xmax>155</xmax>
			<ymax>155</ymax>
		</bndbox>
	</object>
</annotation>
