<annotation>
	<folder>mask</folder>
	<filename>316-with-mask.jpg</filename>
	<path>D:\labelimg\data\mask\316-with-mask.jpg</path>
	<source>
		<database>Unknown</database>
	</source>
	<size>
		<width>480</width>
		<height>640</height>
		<depth>3</depth>
	</size>
	<segmented>0</segmented>
	<object>
		<name>mask</name>
		<pose>Unspecified</pose>
		<truncated>0</truncated>
		<difficult>0</difficult>
		<bndbox>
			<xmin>77</xmin>
			<ymin>205</ymin>
			<xmax>329</xmax>
			<ymax>338</ymax>
		</bndbox>
	</object>
</annotation>
