<annotation>
	<folder>mask</folder>
	<filename>317-with-mask.jpg</filename>
	<path>D:\labelimg\data\mask\317-with-mask.jpg</path>
	<source>
		<database>Unknown</database>
	</source>
	<size>
		<width>264</width>
		<height>331</height>
		<depth>3</depth>
	</size>
	<segmented>0</segmented>
	<object>
		<name>mask</name>
		<pose>Unspecified</pose>
		<truncated>0</truncated>
		<difficult>0</difficult>
		<bndbox>
			<xmin>39</xmin>
			<ymin>135</ymin>
			<xmax>209</xmax>
			<ymax>251</ymax>
		</bndbox>
	</object>
</annotation>
