<annotation>
	<folder>mask</folder>
	<filename>319-with-mask.jpg</filename>
	<path>D:\labelimg\data\mask\319-with-mask.jpg</path>
	<source>
		<database>Unknown</database>
	</source>
	<size>
		<width>327</width>
		<height>433</height>
		<depth>3</depth>
	</size>
	<segmented>0</segmented>
	<object>
		<name>mask</name>
		<pose>Unspecified</pose>
		<truncated>0</truncated>
		<difficult>0</difficult>
		<bndbox>
			<xmin>54</xmin>
			<ymin>181</ymin>
			<xmax>276</xmax>
			<ymax>331</ymax>
		</bndbox>
	</object>
</annotation>
