<annotation>
	<folder>mask</folder>
	<filename>322-with-mask.jpg</filename>
	<path>D:\labelimg\data\mask\322-with-mask.jpg</path>
	<source>
		<database>Unknown</database>
	</source>
	<size>
		<width>204</width>
		<height>247</height>
		<depth>3</depth>
	</size>
	<segmented>0</segmented>
	<object>
		<name>mask</name>
		<pose>Unspecified</pose>
		<truncated>0</truncated>
		<difficult>0</difficult>
		<bndbox>
			<xmin>64</xmin>
			<ymin>76</ymin>
			<xmax>160</xmax>
			<ymax>146</ymax>
		</bndbox>
	</object>
</annotation>
