<annotation>
	<folder>mask</folder>
	<filename>326-with-mask.jpg</filename>
	<path>D:\labelimg\data\mask\326-with-mask.jpg</path>
	<source>
		<database>Unknown</database>
	</source>
	<size>
		<width>323</width>
		<height>339</height>
		<depth>3</depth>
	</size>
	<segmented>0</segmented>
	<object>
		<name>mask</name>
		<pose>Unspecified</pose>
		<truncated>0</truncated>
		<difficult>0</difficult>
		<bndbox>
			<xmin>82</xmin>
			<ymin>213</ymin>
			<xmax>242</xmax>
			<ymax>295</ymax>
		</bndbox>
	</object>
</annotation>
