<annotation>
	<folder>mask</folder>
	<filename>328-with-mask.jpg</filename>
	<path>D:\labelimg\data\mask\328-with-mask.jpg</path>
	<source>
		<database>Unknown</database>
	</source>
	<size>
		<width>576</width>
		<height>960</height>
		<depth>3</depth>
	</size>
	<segmented>0</segmented>
	<object>
		<name>mask</name>
		<pose>Unspecified</pose>
		<truncated>0</truncated>
		<difficult>0</difficult>
		<bndbox>
			<xmin>156</xmin>
			<ymin>331</ymin>
			<xmax>340</xmax>
			<ymax>438</ymax>
		</bndbox>
	</object>
</annotation>
