<annotation>
	<folder>mask</folder>
	<filename>332-with-mask.jpg</filename>
	<path>D:\labelimg\data\mask\332-with-mask.jpg</path>
	<source>
		<database>Unknown</database>
	</source>
	<size>
		<width>303</width>
		<height>166</height>
		<depth>3</depth>
	</size>
	<segmented>0</segmented>
	<object>
		<name>mask</name>
		<pose>Unspecified</pose>
		<truncated>0</truncated>
		<difficult>0</difficult>
		<bndbox>
			<xmin>25</xmin>
			<ymin>27</ymin>
			<xmax>214</xmax>
			<ymax>143</ymax>
		</bndbox>
	</object>
</annotation>
