<annotation>
	<folder>mask</folder>
	<filename>334-with-mask.jpg</filename>
	<path>D:\labelimg\data\mask\334-with-mask.jpg</path>
	<source>
		<database>Unknown</database>
	</source>
	<size>
		<width>191</width>
		<height>263</height>
		<depth>3</depth>
	</size>
	<segmented>0</segmented>
	<object>
		<name>mask</name>
		<pose>Unspecified</pose>
		<truncated>0</truncated>
		<difficult>0</difficult>
		<bndbox>
			<xmin>48</xmin>
			<ymin>99</ymin>
			<xmax>141</xmax>
			<ymax>151</ymax>
		</bndbox>
	</object>
</annotation>
