<annotation>
	<folder>mask</folder>
	<filename>337-with-mask.jpg</filename>
	<path>D:\labelimg\data\mask\337-with-mask.jpg</path>
	<source>
		<database>Unknown</database>
	</source>
	<size>
		<width>189</width>
		<height>267</height>
		<depth>3</depth>
	</size>
	<segmented>0</segmented>
	<object>
		<name>mask</name>
		<pose>Unspecified</pose>
		<truncated>0</truncated>
		<difficult>0</difficult>
		<bndbox>
			<xmin>33</xmin>
			<ymin>98</ymin>
			<xmax>156</xmax>
			<ymax>176</ymax>
		</bndbox>
	</object>
</annotation>
