<annotation>
	<folder>mask</folder>
	<filename>339-with-mask.jpg</filename>
	<path>D:\labelimg\data\mask\339-with-mask.jpg</path>
	<source>
		<database>Unknown</database>
	</source>
	<size>
		<width>353</width>
		<height>554</height>
		<depth>3</depth>
	</size>
	<segmented>0</segmented>
	<object>
		<name>mask</name>
		<pose>Unspecified</pose>
		<truncated>0</truncated>
		<difficult>0</difficult>
		<bndbox>
			<xmin>38</xmin>
			<ymin>256</ymin>
			<xmax>313</xmax>
			<ymax>434</ymax>
		</bndbox>
	</object>
</annotation>
