<annotation>
	<folder>mask</folder>
	<filename>341-with-mask.jpg</filename>
	<path>D:\labelimg\data\mask\341-with-mask.jpg</path>
	<source>
		<database>Unknown</database>
	</source>
	<size>
		<width>362</width>
		<height>577</height>
		<depth>3</depth>
	</size>
	<segmented>0</segmented>
	<object>
		<name>mask</name>
		<pose>Unspecified</pose>
		<truncated>0</truncated>
		<difficult>0</difficult>
		<bndbox>
			<xmin>6</xmin>
			<ymin>258</ymin>
			<xmax>284</xmax>
			<ymax>429</ymax>
		</bndbox>
	</object>
</annotation>
