<annotation>
	<folder>mask</folder>
	<filename>342-with-mask.jpg</filename>
	<path>D:\labelimg\data\mask\342-with-mask.jpg</path>
	<source>
		<database>Unknown</database>
	</source>
	<size>
		<width>293</width>
		<height>328</height>
		<depth>3</depth>
	</size>
	<segmented>0</segmented>
	<object>
		<name>mask</name>
		<pose>Unspecified</pose>
		<truncated>0</truncated>
		<difficult>0</difficult>
		<bndbox>
			<xmin>101</xmin>
			<ymin>125</ymin>
			<xmax>218</xmax>
			<ymax>194</ymax>
		</bndbox>
	</object>
</annotation>
