<annotation>
	<folder>mask</folder>
	<filename>344-with-mask.jpg</filename>
	<path>D:\labelimg\data\mask\344-with-mask.jpg</path>
	<source>
		<database>Unknown</database>
	</source>
	<size>
		<width>279</width>
		<height>288</height>
		<depth>3</depth>
	</size>
	<segmented>0</segmented>
	<object>
		<name>mask</name>
		<pose>Unspecified</pose>
		<truncated>0</truncated>
		<difficult>0</difficult>
		<bndbox>
			<xmin>58</xmin>
			<ymin>150</ymin>
			<xmax>215</xmax>
			<ymax>250</ymax>
		</bndbox>
	</object>
</annotation>
