<annotation>
	<folder>mask</folder>
	<filename>346-with-mask.jpg</filename>
	<path>D:\labelimg\data\mask\346-with-mask.jpg</path>
	<source>
		<database>Unknown</database>
	</source>
	<size>
		<width>400</width>
		<height>436</height>
		<depth>3</depth>
	</size>
	<segmented>0</segmented>
	<object>
		<name>mask</name>
		<pose>Unspecified</pose>
		<truncated>0</truncated>
		<difficult>0</difficult>
		<bndbox>
			<xmin>76</xmin>
			<ymin>172</ymin>
			<xmax>255</xmax>
			<ymax>286</ymax>
		</bndbox>
	</object>
</annotation>
