<annotation>
	<folder>mask</folder>
	<filename>348-with-mask.jpg</filename>
	<path>D:\labelimg\data\mask\348-with-mask.jpg</path>
	<source>
		<database>Unknown</database>
	</source>
	<size>
		<width>320</width>
		<height>428</height>
		<depth>3</depth>
	</size>
	<segmented>0</segmented>
	<object>
		<name>mask</name>
		<pose>Unspecified</pose>
		<truncated>0</truncated>
		<difficult>0</difficult>
		<bndbox>
			<xmin>43</xmin>
			<ymin>199</ymin>
			<xmax>269</xmax>
			<ymax>358</ymax>
		</bndbox>
	</object>
</annotation>
