<annotation>
	<folder>mask</folder>
	<filename>349-with-mask.jpg</filename>
	<path>D:\labelimg\data\mask\349-with-mask.jpg</path>
	<source>
		<database>Unknown</database>
	</source>
	<size>
		<width>356</width>
		<height>549</height>
		<depth>3</depth>
	</size>
	<segmented>0</segmented>
	<object>
		<name>mask</name>
		<pose>Unspecified</pose>
		<truncated>0</truncated>
		<difficult>0</difficult>
		<bndbox>
			<xmin>35</xmin>
			<ymin>342</ymin>
			<xmax>353</xmax>
			<ymax>524</ymax>
		</bndbox>
	</object>
</annotation>
