<annotation>
	<folder>mask</folder>
	<filename>355-with-mask.jpg</filename>
	<path>D:\labelimg\data\mask\355-with-mask.jpg</path>
	<source>
		<database>Unknown</database>
	</source>
	<size>
		<width>441</width>
		<height>385</height>
		<depth>3</depth>
	</size>
	<segmented>0</segmented>
	<object>
		<name>mask</name>
		<pose>Unspecified</pose>
		<truncated>0</truncated>
		<difficult>0</difficult>
		<bndbox>
			<xmin>161</xmin>
			<ymin>122</ymin>
			<xmax>296</xmax>
			<ymax>208</ymax>
		</bndbox>
	</object>
</annotation>
