<annotation>
	<folder>mask</folder>
	<filename>356-with-mask.jpg</filename>
	<path>D:\labelimg\data\mask\356-with-mask.jpg</path>
	<source>
		<database>Unknown</database>
	</source>
	<size>
		<width>960</width>
		<height>960</height>
		<depth>3</depth>
	</size>
	<segmented>0</segmented>
	<object>
		<name>mask</name>
		<pose>Unspecified</pose>
		<truncated>0</truncated>
		<difficult>0</difficult>
		<bndbox>
			<xmin>365</xmin>
			<ymin>273</ymin>
			<xmax>680</xmax>
			<ymax>477</ymax>
		</bndbox>
	</object>
</annotation>
