<annotation>
	<folder>mask</folder>
	<filename>359-with-mask.jpg</filename>
	<path>D:\labelimg\data\mask\359-with-mask.jpg</path>
	<source>
		<database>Unknown</database>
	</source>
	<size>
		<width>337</width>
		<height>466</height>
		<depth>3</depth>
	</size>
	<segmented>0</segmented>
	<object>
		<name>mask</name>
		<pose>Unspecified</pose>
		<truncated>1</truncated>
		<difficult>0</difficult>
		<bndbox>
			<xmin>1</xmin>
			<ymin>223</ymin>
			<xmax>299</xmax>
			<ymax>438</ymax>
		</bndbox>
	</object>
</annotation>
