<annotation>
	<folder>mask</folder>
	<filename>368-with-mask.jpg</filename>
	<path>D:\labelimg\data\mask\368-with-mask.jpg</path>
	<source>
		<database>Unknown</database>
	</source>
	<size>
		<width>363</width>
		<height>408</height>
		<depth>3</depth>
	</size>
	<segmented>0</segmented>
	<object>
		<name>mask</name>
		<pose>Unspecified</pose>
		<truncated>0</truncated>
		<difficult>0</difficult>
		<bndbox>
			<xmin>73</xmin>
			<ymin>193</ymin>
			<xmax>247</xmax>
			<ymax>293</ymax>
		</bndbox>
	</object>
</annotation>
