<annotation>
	<folder>mask</folder>
	<filename>37-with-mask.jpg</filename>
	<path>D:\labelimg\data\mask\37-with-mask.jpg</path>
	<source>
		<database>Unknown</database>
	</source>
	<size>
		<width>191</width>
		<height>213</height>
		<depth>3</depth>
	</size>
	<segmented>0</segmented>
	<object>
		<name>mask</name>
		<pose>Unspecified</pose>
		<truncated>0</truncated>
		<difficult>0</difficult>
		<bndbox>
			<xmin>39</xmin>
			<ymin>82</ymin>
			<xmax>121</xmax>
			<ymax>129</ymax>
		</bndbox>
	</object>
</annotation>
