<annotation>
	<folder>mask</folder>
	<filename>374-with-mask.jpg</filename>
	<path>D:\labelimg\data\mask\374-with-mask.jpg</path>
	<source>
		<database>Unknown</database>
	</source>
	<size>
		<width>336</width>
		<height>427</height>
		<depth>3</depth>
	</size>
	<segmented>0</segmented>
	<object>
		<name>mask</name>
		<pose>Unspecified</pose>
		<truncated>0</truncated>
		<difficult>0</difficult>
		<bndbox>
			<xmin>38</xmin>
			<ymin>209</ymin>
			<xmax>253</xmax>
			<ymax>329</ymax>
		</bndbox>
	</object>
</annotation>
