<annotation>
	<folder>mask</folder>
	<filename>377-with-mask.jpg</filename>
	<path>D:\labelimg\data\mask\377-with-mask.jpg</path>
	<source>
		<database>Unknown</database>
	</source>
	<size>
		<width>183</width>
		<height>275</height>
		<depth>3</depth>
	</size>
	<segmented>0</segmented>
	<object>
		<name>mask</name>
		<pose>Unspecified</pose>
		<truncated>0</truncated>
		<difficult>0</difficult>
		<bndbox>
			<xmin>59</xmin>
			<ymin>78</ymin>
			<xmax>130</xmax>
			<ymax>125</ymax>
		</bndbox>
	</object>
</annotation>
