<annotation>
	<folder>mask</folder>
	<filename>378-with-mask.jpg</filename>
	<path>D:\labelimg\data\mask\378-with-mask.jpg</path>
	<source>
		<database>Unknown</database>
	</source>
	<size>
		<width>299</width>
		<height>168</height>
		<depth>3</depth>
	</size>
	<segmented>0</segmented>
	<object>
		<name>mask</name>
		<pose>Unspecified</pose>
		<truncated>0</truncated>
		<difficult>0</difficult>
		<bndbox>
			<xmin>127</xmin>
			<ymin>40</ymin>
			<xmax>270</xmax>
			<ymax>128</ymax>
		</bndbox>
	</object>
</annotation>
