<annotation>
	<folder>mask</folder>
	<filename>385-with-mask.jpg</filename>
	<path>D:\labelimg\data\mask\385-with-mask.jpg</path>
	<source>
		<database>Unknown</database>
	</source>
	<size>
		<width>275</width>
		<height>183</height>
		<depth>3</depth>
	</size>
	<segmented>0</segmented>
	<object>
		<name>mask</name>
		<pose>Unspecified</pose>
		<truncated>0</truncated>
		<difficult>0</difficult>
		<bndbox>
			<xmin>109</xmin>
			<ymin>71</ymin>
			<xmax>157</xmax>
			<ymax>103</ymax>
		</bndbox>
	</object>
	<object>
		<name>mask</name>
		<pose>Unspecified</pose>
		<truncated>0</truncated>
		<difficult>0</difficult>
		<bndbox>
			<xmin>162</xmin>
			<ymin>79</ymin>
			<xmax>193</xmax>
			<ymax>102</ymax>
		</bndbox>
	</object>
	<object>
		<name>mask</name>
		<pose>Unspecified</pose>
		<truncated>0</truncated>
		<difficult>0</difficult>
		<bndbox>
			<xmin>221</xmin>
			<ymin>88</ymin>
			<xmax>253</xmax>
			<ymax>113</ymax>
		</bndbox>
	</object>
</annotation>
