<annotation>
	<folder>mask</folder>
	<filename>395-with-mask.jpg</filename>
	<path>D:\labelimg\data\mask\395-with-mask.jpg</path>
	<source>
		<database>Unknown</database>
	</source>
	<size>
		<width>168</width>
		<height>299</height>
		<depth>3</depth>
	</size>
	<segmented>0</segmented>
	<object>
		<name>mask</name>
		<pose>Unspecified</pose>
		<truncated>0</truncated>
		<difficult>0</difficult>
		<bndbox>
			<xmin>22</xmin>
			<ymin>104</ymin>
			<xmax>159</xmax>
			<ymax>206</ymax>
		</bndbox>
	</object>
</annotation>
