<annotation>
	<folder>mask</folder>
	<filename>400-with-mask.jpg</filename>
	<path>D:\labelimg\data\mask\400-with-mask.jpg</path>
	<source>
		<database>Unknown</database>
	</source>
	<size>
		<width>324</width>
		<height>493</height>
		<depth>3</depth>
	</size>
	<segmented>0</segmented>
	<object>
		<name>mask</name>
		<pose>Unspecified</pose>
		<truncated>1</truncated>
		<difficult>0</difficult>
		<bndbox>
			<xmin>1</xmin>
			<ymin>225</ymin>
			<xmax>257</xmax>
			<ymax>399</ymax>
		</bndbox>
	</object>
</annotation>
