<annotation>
	<folder>mask</folder>
	<filename>403-with-mask.jpg</filename>
	<path>D:\labelimg\data\mask\403-with-mask.jpg</path>
	<source>
		<database>Unknown</database>
	</source>
	<size>
		<width>345</width>
		<height>362</height>
		<depth>3</depth>
	</size>
	<segmented>0</segmented>
	<object>
		<name>mask</name>
		<pose>Unspecified</pose>
		<truncated>0</truncated>
		<difficult>0</difficult>
		<bndbox>
			<xmin>82</xmin>
			<ymin>149</ymin>
			<xmax>231</xmax>
			<ymax>238</ymax>
		</bndbox>
	</object>
</annotation>
