<annotation>
	<folder>mask</folder>
	<filename>405-with-mask.jpg</filename>
	<path>D:\labelimg\data\mask\405-with-mask.jpg</path>
	<source>
		<database>Unknown</database>
	</source>
	<size>
		<width>271</width>
		<height>338</height>
		<depth>3</depth>
	</size>
	<segmented>0</segmented>
	<object>
		<name>mask</name>
		<pose>Unspecified</pose>
		<truncated>0</truncated>
		<difficult>0</difficult>
		<bndbox>
			<xmin>87</xmin>
			<ymin>141</ymin>
			<xmax>240</xmax>
			<ymax>227</ymax>
		</bndbox>
	</object>
</annotation>
