<annotation>
	<folder>mask</folder>
	<filename>406-with-mask.jpg</filename>
	<path>D:\labelimg\data\mask\406-with-mask.jpg</path>
	<source>
		<database>Unknown</database>
	</source>
	<size>
		<width>300</width>
		<height>168</height>
		<depth>3</depth>
	</size>
	<segmented>0</segmented>
	<object>
		<name>mask</name>
		<pose>Unspecified</pose>
		<truncated>0</truncated>
		<difficult>0</difficult>
		<bndbox>
			<xmin>53</xmin>
			<ymin>89</ymin>
			<xmax>154</xmax>
			<ymax>152</ymax>
		</bndbox>
	</object>
</annotation>
