<annotation>
	<folder>mask</folder>
	<filename>409-with-mask.jpg</filename>
	<path>D:\labelimg\data\mask\409-with-mask.jpg</path>
	<source>
		<database>Unknown</database>
	</source>
	<size>
		<width>639</width>
		<height>639</height>
		<depth>3</depth>
	</size>
	<segmented>0</segmented>
	<object>
		<name>mask</name>
		<pose>Unspecified</pose>
		<truncated>0</truncated>
		<difficult>0</difficult>
		<bndbox>
			<xmin>162</xmin>
			<ymin>299</ymin>
			<xmax>456</xmax>
			<ymax>482</ymax>
		</bndbox>
	</object>
</annotation>
