<annotation>
	<folder>mask</folder>
	<filename>410-with-mask.jpg</filename>
	<path>D:\labelimg\data\mask\410-with-mask.jpg</path>
	<source>
		<database>Unknown</database>
	</source>
	<size>
		<width>600</width>
		<height>908</height>
		<depth>3</depth>
	</size>
	<segmented>0</segmented>
	<object>
		<name>mask</name>
		<pose>Unspecified</pose>
		<truncated>0</truncated>
		<difficult>0</difficult>
		<bndbox>
			<xmin>180</xmin>
			<ymin>269</ymin>
			<xmax>384</xmax>
			<ymax>392</ymax>
		</bndbox>
	</object>
</annotation>
