<annotation>
	<folder>mask</folder>
	<filename>411-with-mask.jpg</filename>
	<path>D:\labelimg\data\mask\411-with-mask.jpg</path>
	<source>
		<database>Unknown</database>
	</source>
	<size>
		<width>114</width>
		<height>141</height>
		<depth>3</depth>
	</size>
	<segmented>0</segmented>
	<object>
		<name>mask</name>
		<pose>Unspecified</pose>
		<truncated>0</truncated>
		<difficult>0</difficult>
		<bndbox>
			<xmin>6</xmin>
			<ymin>67</ymin>
			<xmax>90</xmax>
			<ymax>123</ymax>
		</bndbox>
	</object>
</annotation>
