<annotation>
	<folder>mask</folder>
	<filename>412-with-mask.jpg</filename>
	<path>D:\labelimg\data\mask\412-with-mask.jpg</path>
	<source>
		<database>Unknown</database>
	</source>
	<size>
		<width>354</width>
		<height>340</height>
		<depth>3</depth>
	</size>
	<segmented>0</segmented>
	<object>
		<name>mask</name>
		<pose>Unspecified</pose>
		<truncated>0</truncated>
		<difficult>0</difficult>
		<bndbox>
			<xmin>29</xmin>
			<ymin>77</ymin>
			<xmax>339</xmax>
			<ymax>304</ymax>
		</bndbox>
	</object>
</annotation>
