<annotation>
	<folder>mask</folder>
	<filename>418-with-mask.jpg</filename>
	<path>D:\labelimg\data\mask\418-with-mask.jpg</path>
	<source>
		<database>Unknown</database>
	</source>
	<size>
		<width>276</width>
		<height>416</height>
		<depth>3</depth>
	</size>
	<segmented>0</segmented>
	<object>
		<name>mask</name>
		<pose>Unspecified</pose>
		<truncated>0</truncated>
		<difficult>0</difficult>
		<bndbox>
			<xmin>25</xmin>
			<ymin>194</ymin>
			<xmax>199</xmax>
			<ymax>312</ymax>
		</bndbox>
	</object>
</annotation>
