<annotation>
	<folder>mask</folder>
	<filename>422-with-mask.jpg</filename>
	<path>D:\labelimg\data\mask\422-with-mask.jpg</path>
	<source>
		<database>Unknown</database>
	</source>
	<size>
		<width>209</width>
		<height>267</height>
		<depth>3</depth>
	</size>
	<segmented>0</segmented>
	<object>
		<name>mask</name>
		<pose>Unspecified</pose>
		<truncated>0</truncated>
		<difficult>0</difficult>
		<bndbox>
			<xmin>31</xmin>
			<ymin>93</ymin>
			<xmax>144</xmax>
			<ymax>175</ymax>
		</bndbox>
	</object>
</annotation>
