<annotation>
	<folder>mask</folder>
	<filename>424-with-mask.jpg</filename>
	<path>D:\labelimg\data\mask\424-with-mask.jpg</path>
	<source>
		<database>Unknown</database>
	</source>
	<size>
		<width>640</width>
		<height>480</height>
		<depth>3</depth>
	</size>
	<segmented>0</segmented>
	<object>
		<name>mask</name>
		<pose>Unspecified</pose>
		<truncated>0</truncated>
		<difficult>0</difficult>
		<bndbox>
			<xmin>63</xmin>
			<ymin>168</ymin>
			<xmax>372</xmax>
			<ymax>331</ymax>
		</bndbox>
	</object>
</annotation>
