<annotation>
	<folder>mask</folder>
	<filename>427-with-mask.jpg</filename>
	<path>D:\labelimg\data\mask\427-with-mask.jpg</path>
	<source>
		<database>Unknown</database>
	</source>
	<size>
		<width>276</width>
		<height>183</height>
		<depth>3</depth>
	</size>
	<segmented>0</segmented>
	<object>
		<name>mask</name>
		<pose>Unspecified</pose>
		<truncated>0</truncated>
		<difficult>0</difficult>
		<bndbox>
			<xmin>93</xmin>
			<ymin>73</ymin>
			<xmax>168</xmax>
			<ymax>130</ymax>
		</bndbox>
	</object>
</annotation>
