<annotation>
	<folder>mask</folder>
	<filename>428-with-mask.jpg</filename>
	<path>D:\labelimg\data\mask\428-with-mask.jpg</path>
	<source>
		<database>Unknown</database>
	</source>
	<size>
		<width>199</width>
		<height>254</height>
		<depth>3</depth>
	</size>
	<segmented>0</segmented>
	<object>
		<name>mask</name>
		<pose>Unspecified</pose>
		<truncated>1</truncated>
		<difficult>0</difficult>
		<bndbox>
			<xmin>63</xmin>
			<ymin>101</ymin>
			<xmax>199</xmax>
			<ymax>179</ymax>
		</bndbox>
	</object>
</annotation>
