<annotation>
	<folder>mask</folder>
	<filename>429-with-mask.jpg</filename>
	<path>D:\labelimg\data\mask\429-with-mask.jpg</path>
	<source>
		<database>Unknown</database>
	</source>
	<size>
		<width>250</width>
		<height>250</height>
		<depth>3</depth>
	</size>
	<segmented>0</segmented>
	<object>
		<name>mask</name>
		<pose>Unspecified</pose>
		<truncated>0</truncated>
		<difficult>0</difficult>
		<bndbox>
			<xmin>71</xmin>
			<ymin>64</ymin>
			<xmax>212</xmax>
			<ymax>151</ymax>
		</bndbox>
	</object>
</annotation>
