<annotation>
	<folder>mask</folder>
	<filename>430-with-mask.jpg</filename>
	<path>D:\labelimg\data\mask\430-with-mask.jpg</path>
	<source>
		<database>Unknown</database>
	</source>
	<size>
		<width>491</width>
		<height>507</height>
		<depth>3</depth>
	</size>
	<segmented>0</segmented>
	<object>
		<name>mask</name>
		<pose>Unspecified</pose>
		<truncated>0</truncated>
		<difficult>0</difficult>
		<bndbox>
			<xmin>50</xmin>
			<ymin>203</ymin>
			<xmax>393</xmax>
			<ymax>418</ymax>
		</bndbox>
	</object>
</annotation>
