<annotation>
	<folder>mask</folder>
	<filename>431-with-mask.jpg</filename>
	<path>D:\labelimg\data\mask\431-with-mask.jpg</path>
	<source>
		<database>Unknown</database>
	</source>
	<size>
		<width>301</width>
		<height>499</height>
		<depth>3</depth>
	</size>
	<segmented>0</segmented>
	<object>
		<name>mask</name>
		<pose>Unspecified</pose>
		<truncated>1</truncated>
		<difficult>0</difficult>
		<bndbox>
			<xmin>6</xmin>
			<ymin>245</ymin>
			<xmax>301</xmax>
			<ymax>442</ymax>
		</bndbox>
	</object>
</annotation>
