<annotation>
	<folder>mask</folder>
	<filename>435-with-mask.jpg</filename>
	<path>D:\labelimg\data\mask\435-with-mask.jpg</path>
	<source>
		<database>Unknown</database>
	</source>
	<size>
		<width>960</width>
		<height>768</height>
		<depth>3</depth>
	</size>
	<segmented>0</segmented>
	<object>
		<name>mask</name>
		<pose>Unspecified</pose>
		<truncated>0</truncated>
		<difficult>0</difficult>
		<bndbox>
			<xmin>196</xmin>
			<ymin>350</ymin>
			<xmax>678</xmax>
			<ymax>665</ymax>
		</bndbox>
	</object>
</annotation>
