<annotation>
	<folder>mask</folder>
	<filename>437-with-mask.jpg</filename>
	<path>D:\labelimg\data\mask\437-with-mask.jpg</path>
	<source>
		<database>Unknown</database>
	</source>
	<size>
		<width>200</width>
		<height>218</height>
		<depth>3</depth>
	</size>
	<segmented>0</segmented>
	<object>
		<name>mask</name>
		<pose>Unspecified</pose>
		<truncated>0</truncated>
		<difficult>0</difficult>
		<bndbox>
			<xmin>28</xmin>
			<ymin>101</ymin>
			<xmax>146</xmax>
			<ymax>175</ymax>
		</bndbox>
	</object>
</annotation>
