<annotation>
	<folder>mask</folder>
	<filename>441-with-mask.jpg</filename>
	<path>D:\labelimg\data\mask\441-with-mask.jpg</path>
	<source>
		<database>Unknown</database>
	</source>
	<size>
		<width>398</width>
		<height>425</height>
		<depth>3</depth>
	</size>
	<segmented>0</segmented>
	<object>
		<name>mask</name>
		<pose>Unspecified</pose>
		<truncated>0</truncated>
		<difficult>0</difficult>
		<bndbox>
			<xmin>64</xmin>
			<ymin>151</ymin>
			<xmax>237</xmax>
			<ymax>270</ymax>
		</bndbox>
	</object>
</annotation>
