<annotation>
	<folder>mask</folder>
	<filename>442-with-mask.jpg</filename>
	<path>D:\labelimg\data\mask\442-with-mask.jpg</path>
	<source>
		<database>Unknown</database>
	</source>
	<size>
		<width>299</width>
		<height>168</height>
		<depth>3</depth>
	</size>
	<segmented>0</segmented>
	<object>
		<name>mask</name>
		<pose>Unspecified</pose>
		<truncated>0</truncated>
		<difficult>0</difficult>
		<bndbox>
			<xmin>157</xmin>
			<ymin>58</ymin>
			<xmax>225</xmax>
			<ymax>103</ymax>
		</bndbox>
	</object>
</annotation>
