<annotation>
	<folder>mask</folder>
	<filename>443-with-mask.jpg</filename>
	<path>D:\labelimg\data\mask\443-with-mask.jpg</path>
	<source>
		<database>Unknown</database>
	</source>
	<size>
		<width>299</width>
		<height>169</height>
		<depth>3</depth>
	</size>
	<segmented>0</segmented>
	<object>
		<name>mask</name>
		<pose>Unspecified</pose>
		<truncated>0</truncated>
		<difficult>0</difficult>
		<bndbox>
			<xmin>97</xmin>
			<ymin>86</ymin>
			<xmax>210</xmax>
			<ymax>161</ymax>
		</bndbox>
	</object>
</annotation>
