<annotation>
	<folder>mask</folder>
	<filename>447-with-mask.jpg</filename>
	<path>D:\labelimg\data\mask\447-with-mask.jpg</path>
	<source>
		<database>Unknown</database>
	</source>
	<size>
		<width>405</width>
		<height>517</height>
		<depth>3</depth>
	</size>
	<segmented>0</segmented>
	<object>
		<name>mask</name>
		<pose>Unspecified</pose>
		<truncated>0</truncated>
		<difficult>0</difficult>
		<bndbox>
			<xmin>69</xmin>
			<ymin>339</ymin>
			<xmax>331</xmax>
			<ymax>475</ymax>
		</bndbox>
	</object>
</annotation>
