<annotation>
	<folder>mask</folder>
	<filename>448-with-mask.jpg</filename>
	<path>D:\labelimg\data\mask\448-with-mask.jpg</path>
	<source>
		<database>Unknown</database>
	</source>
	<size>
		<width>250</width>
		<height>310</height>
		<depth>3</depth>
	</size>
	<segmented>0</segmented>
	<object>
		<name>mask</name>
		<pose>Unspecified</pose>
		<truncated>0</truncated>
		<difficult>0</difficult>
		<bndbox>
			<xmin>57</xmin>
			<ymin>131</ymin>
			<xmax>192</xmax>
			<ymax>205</ymax>
		</bndbox>
	</object>
</annotation>
