<annotation>
	<folder>mask</folder>
	<filename>452-with-mask.jpg</filename>
	<path>D:\labelimg\data\mask\452-with-mask.jpg</path>
	<source>
		<database>Unknown</database>
	</source>
	<size>
		<width>236</width>
		<height>297</height>
		<depth>3</depth>
	</size>
	<segmented>0</segmented>
	<object>
		<name>mask</name>
		<pose>Unspecified</pose>
		<truncated>0</truncated>
		<difficult>0</difficult>
		<bndbox>
			<xmin>12</xmin>
			<ymin>124</ymin>
			<xmax>169</xmax>
			<ymax>225</ymax>
		</bndbox>
	</object>
</annotation>
