<annotation>
	<folder>mask</folder>
	<filename>458-with-mask.jpg</filename>
	<path>D:\labelimg\data\mask\458-with-mask.jpg</path>
	<source>
		<database>Unknown</database>
	</source>
	<size>
		<width>538</width>
		<height>521</height>
		<depth>3</depth>
	</size>
	<segmented>0</segmented>
	<object>
		<name>mask</name>
		<pose>Unspecified</pose>
		<truncated>0</truncated>
		<difficult>0</difficult>
		<bndbox>
			<xmin>49</xmin>
			<ymin>195</ymin>
			<xmax>430</xmax>
			<ymax>451</ymax>
		</bndbox>
	</object>
</annotation>
