<annotation>
	<folder>mask</folder>
	<filename>460-with-mask.jpg</filename>
	<path>D:\labelimg\data\mask\460-with-mask.jpg</path>
	<source>
		<database>Unknown</database>
	</source>
	<size>
		<width>273</width>
		<height>184</height>
		<depth>3</depth>
	</size>
	<segmented>0</segmented>
	<object>
		<name>mask</name>
		<pose>Unspecified</pose>
		<truncated>0</truncated>
		<difficult>0</difficult>
		<bndbox>
			<xmin>69</xmin>
			<ymin>83</ymin>
			<xmax>192</xmax>
			<ymax>164</ymax>
		</bndbox>
	</object>
</annotation>
