<annotation>
	<folder>mask</folder>
	<filename>462-with-mask.jpg</filename>
	<path>D:\labelimg\data\mask\462-with-mask.jpg</path>
	<source>
		<database>Unknown</database>
	</source>
	<size>
		<width>189</width>
		<height>258</height>
		<depth>3</depth>
	</size>
	<segmented>0</segmented>
	<object>
		<name>mask</name>
		<pose>Unspecified</pose>
		<truncated>0</truncated>
		<difficult>0</difficult>
		<bndbox>
			<xmin>18</xmin>
			<ymin>146</ymin>
			<xmax>164</xmax>
			<ymax>238</ymax>
		</bndbox>
	</object>
</annotation>
