<annotation>
	<folder>mask</folder>
	<filename>467-with-mask.jpg</filename>
	<path>D:\labelimg\data\mask\467-with-mask.jpg</path>
	<source>
		<database>Unknown</database>
	</source>
	<size>
		<width>298</width>
		<height>452</height>
		<depth>3</depth>
	</size>
	<segmented>0</segmented>
	<object>
		<name>mask</name>
		<pose>Unspecified</pose>
		<truncated>0</truncated>
		<difficult>0</difficult>
		<bndbox>
			<xmin>37</xmin>
			<ymin>183</ymin>
			<xmax>246</xmax>
			<ymax>320</ymax>
		</bndbox>
	</object>
</annotation>
