<annotation>
	<folder>mask</folder>
	<filename>47-with-mask.jpg</filename>
	<path>D:\labelimg\data\mask\47-with-mask.jpg</path>
	<source>
		<database>Unknown</database>
	</source>
	<size>
		<width>412</width>
		<height>501</height>
		<depth>3</depth>
	</size>
	<segmented>0</segmented>
	<object>
		<name>mask</name>
		<pose>Unspecified</pose>
		<truncated>0</truncated>
		<difficult>0</difficult>
		<bndbox>
			<xmin>22</xmin>
			<ymin>224</ymin>
			<xmax>331</xmax>
			<ymax>439</ymax>
		</bndbox>
	</object>
</annotation>
