<annotation>
	<folder>mask</folder>
	<filename>470-with-mask.jpg</filename>
	<path>D:\labelimg\data\mask\470-with-mask.jpg</path>
	<source>
		<database>Unknown</database>
	</source>
	<size>
		<width>240</width>
		<height>400</height>
		<depth>3</depth>
	</size>
	<segmented>0</segmented>
	<object>
		<name>mask</name>
		<pose>Unspecified</pose>
		<truncated>0</truncated>
		<difficult>0</difficult>
		<bndbox>
			<xmin>39</xmin>
			<ymin>136</ymin>
			<xmax>199</xmax>
			<ymax>239</ymax>
		</bndbox>
	</object>
</annotation>
