<annotation>
	<folder>mask</folder>
	<filename>472-with-mask.jpg</filename>
	<path>D:\labelimg\data\mask\472-with-mask.jpg</path>
	<source>
		<database>Unknown</database>
	</source>
	<size>
		<width>479</width>
		<height>597</height>
		<depth>3</depth>
	</size>
	<segmented>0</segmented>
	<object>
		<name>mask</name>
		<pose>Unspecified</pose>
		<truncated>0</truncated>
		<difficult>0</difficult>
		<bndbox>
			<xmin>99</xmin>
			<ymin>224</ymin>
			<xmax>381</xmax>
			<ymax>389</ymax>
		</bndbox>
	</object>
</annotation>
