<annotation>
	<folder>mask</folder>
	<filename>48-with-mask.jpg</filename>
	<path>D:\labelimg\data\mask\48-with-mask.jpg</path>
	<source>
		<database>Unknown</database>
	</source>
	<size>
		<width>306</width>
		<height>165</height>
		<depth>3</depth>
	</size>
	<segmented>0</segmented>
	<object>
		<name>mask</name>
		<pose>Unspecified</pose>
		<truncated>0</truncated>
		<difficult>0</difficult>
		<bndbox>
			<xmin>100</xmin>
			<ymin>69</ymin>
			<xmax>202</xmax>
			<ymax>142</ymax>
		</bndbox>
	</object>
</annotation>
