<annotation>
	<folder>mask</folder>
	<filename>480-with-mask.jpg</filename>
	<path>D:\labelimg\data\mask\480-with-mask.jpg</path>
	<source>
		<database>Unknown</database>
	</source>
	<size>
		<width>313</width>
		<height>443</height>
		<depth>3</depth>
	</size>
	<segmented>0</segmented>
	<object>
		<name>mask</name>
		<pose>Unspecified</pose>
		<truncated>0</truncated>
		<difficult>0</difficult>
		<bndbox>
			<xmin>15</xmin>
			<ymin>240</ymin>
			<xmax>247</xmax>
			<ymax>379</ymax>
		</bndbox>
	</object>
</annotation>
