<annotation>
	<folder>mask</folder>
	<filename>49-with-mask.jpg</filename>
	<path>D:\labelimg\data\mask\49-with-mask.jpg</path>
	<source>
		<database>Unknown</database>
	</source>
	<size>
		<width>182</width>
		<height>276</height>
		<depth>3</depth>
	</size>
	<segmented>0</segmented>
	<object>
		<name>mask</name>
		<pose>Unspecified</pose>
		<truncated>0</truncated>
		<difficult>0</difficult>
		<bndbox>
			<xmin>24</xmin>
			<ymin>155</ymin>
			<xmax>161</xmax>
			<ymax>242</ymax>
		</bndbox>
	</object>
</annotation>
