<annotation>
	<folder>mask</folder>
	<filename>55-with-mask.jpg</filename>
	<path>D:\labelimg\data\mask\55-with-mask.jpg</path>
	<source>
		<database>Unknown</database>
	</source>
	<size>
		<width>540</width>
		<height>720</height>
		<depth>3</depth>
	</size>
	<segmented>0</segmented>
	<object>
		<name>mask</name>
		<pose>Unspecified</pose>
		<truncated>0</truncated>
		<difficult>0</difficult>
		<bndbox>
			<xmin>165</xmin>
			<ymin>220</ymin>
			<xmax>404</xmax>
			<ymax>369</ymax>
		</bndbox>
	</object>
</annotation>
