<annotation>
	<folder>mask</folder>
	<filename>57-with-mask.jpg</filename>
	<path>D:\labelimg\data\mask\57-with-mask.jpg</path>
	<source>
		<database>Unknown</database>
	</source>
	<size>
		<width>341</width>
		<height>538</height>
		<depth>3</depth>
	</size>
	<segmented>0</segmented>
	<object>
		<name>mask</name>
		<pose>Unspecified</pose>
		<truncated>1</truncated>
		<difficult>0</difficult>
		<bndbox>
			<xmin>1</xmin>
			<ymin>315</ymin>
			<xmax>256</xmax>
			<ymax>493</ymax>
		</bndbox>
	</object>
</annotation>
