<annotation>
	<folder>mask</folder>
	<filename>58-with-mask.jpg</filename>
	<path>D:\labelimg\data\mask\58-with-mask.jpg</path>
	<source>
		<database>Unknown</database>
	</source>
	<size>
		<width>473</width>
		<height>439</height>
		<depth>3</depth>
	</size>
	<segmented>0</segmented>
	<object>
		<name>mask</name>
		<pose>Unspecified</pose>
		<truncated>0</truncated>
		<difficult>0</difficult>
		<bndbox>
			<xmin>104</xmin>
			<ymin>142</ymin>
			<xmax>324</xmax>
			<ymax>286</ymax>
		</bndbox>
	</object>
</annotation>
