<annotation>
	<folder>mask</folder>
	<filename>61-with-mask.jpg</filename>
	<path>D:\labelimg\data\mask\61-with-mask.jpg</path>
	<source>
		<database>Unknown</database>
	</source>
	<size>
		<width>307</width>
		<height>326</height>
		<depth>3</depth>
	</size>
	<segmented>0</segmented>
	<object>
		<name>mask</name>
		<pose>Unspecified</pose>
		<truncated>0</truncated>
		<difficult>0</difficult>
		<bndbox>
			<xmin>45</xmin>
			<ymin>179</ymin>
			<xmax>237</xmax>
			<ymax>303</ymax>
		</bndbox>
	</object>
</annotation>
