<annotation>
	<folder>mask</folder>
	<filename>68-with-mask.jpg</filename>
	<path>D:\labelimg\data\mask\68-with-mask.jpg</path>
	<source>
		<database>Unknown</database>
	</source>
	<size>
		<width>252</width>
		<height>284</height>
		<depth>3</depth>
	</size>
	<segmented>0</segmented>
	<object>
		<name>mask</name>
		<pose>Unspecified</pose>
		<truncated>0</truncated>
		<difficult>0</difficult>
		<bndbox>
			<xmin>39</xmin>
			<ymin>181</ymin>
			<xmax>202</xmax>
			<ymax>271</ymax>
		</bndbox>
	</object>
</annotation>
