<annotation>
	<folder>mask</folder>
	<filename>69-with-mask.jpg</filename>
	<path>D:\labelimg\data\mask\69-with-mask.jpg</path>
	<source>
		<database>Unknown</database>
	</source>
	<size>
		<width>276</width>
		<height>381</height>
		<depth>3</depth>
	</size>
	<segmented>0</segmented>
	<object>
		<name>mask</name>
		<pose>Unspecified</pose>
		<truncated>0</truncated>
		<difficult>0</difficult>
		<bndbox>
			<xmin>6</xmin>
			<ymin>216</ymin>
			<xmax>222</xmax>
			<ymax>332</ymax>
		</bndbox>
	</object>
</annotation>
