<annotation>
	<folder>mask</folder>
	<filename>75-with-mask.jpg</filename>
	<path>D:\labelimg\data\mask\75-with-mask.jpg</path>
	<source>
		<database>Unknown</database>
	</source>
	<size>
		<width>259</width>
		<height>194</height>
		<depth>3</depth>
	</size>
	<segmented>0</segmented>
	<object>
		<name>mask</name>
		<pose>Unspecified</pose>
		<truncated>0</truncated>
		<difficult>0</difficult>
		<bndbox>
			<xmin>112</xmin>
			<ymin>73</ymin>
			<xmax>181</xmax>
			<ymax>119</ymax>
		</bndbox>
	</object>
</annotation>
