<annotation>
	<folder>mask</folder>
	<filename>76-with-mask.jpg</filename>
	<path>D:\labelimg\data\mask\76-with-mask.jpg</path>
	<source>
		<database>Unknown</database>
	</source>
	<size>
		<width>244</width>
		<height>303</height>
		<depth>3</depth>
	</size>
	<segmented>0</segmented>
	<object>
		<name>mask</name>
		<pose>Unspecified</pose>
		<truncated>0</truncated>
		<difficult>0</difficult>
		<bndbox>
			<xmin>13</xmin>
			<ymin>152</ymin>
			<xmax>167</xmax>
			<ymax>252</ymax>
		</bndbox>
	</object>
</annotation>
