<annotation>
	<folder>mask</folder>
	<filename>80-with-mask.jpg</filename>
	<path>D:\labelimg\data\mask\80-with-mask.jpg</path>
	<source>
		<database>Unknown</database>
	</source>
	<size>
		<width>167</width>
		<height>249</height>
		<depth>3</depth>
	</size>
	<segmented>0</segmented>
	<object>
		<name>mask</name>
		<pose>Unspecified</pose>
		<truncated>0</truncated>
		<difficult>0</difficult>
		<bndbox>
			<xmin>21</xmin>
			<ymin>98</ymin>
			<xmax>135</xmax>
			<ymax>180</ymax>
		</bndbox>
	</object>
</annotation>
