<annotation>
	<folder>mask</folder>
	<filename>82-with-mask.jpg</filename>
	<path>D:\labelimg\data\mask\82-with-mask.jpg</path>
	<source>
		<database>Unknown</database>
	</source>
	<size>
		<width>198</width>
		<height>254</height>
		<depth>3</depth>
	</size>
	<segmented>0</segmented>
	<object>
		<name>mask</name>
		<pose>Unspecified</pose>
		<truncated>0</truncated>
		<difficult>0</difficult>
		<bndbox>
			<xmin>60</xmin>
			<ymin>86</ymin>
			<xmax>140</xmax>
			<ymax>139</ymax>
		</bndbox>
	</object>
</annotation>
