<annotation>
	<folder>mask</folder>
	<filename>84-with-mask.jpg</filename>
	<path>D:\labelimg\data\mask\84-with-mask.jpg</path>
	<source>
		<database>Unknown</database>
	</source>
	<size>
		<width>231</width>
		<height>322</height>
		<depth>3</depth>
	</size>
	<segmented>0</segmented>
	<object>
		<name>mask</name>
		<pose>Unspecified</pose>
		<truncated>1</truncated>
		<difficult>0</difficult>
		<bndbox>
			<xmin>1</xmin>
			<ymin>145</ymin>
			<xmax>180</xmax>
			<ymax>251</ymax>
		</bndbox>
	</object>
</annotation>
