<annotation>
	<folder>mask</folder>
	<filename>85-with-mask.jpg</filename>
	<path>D:\labelimg\data\mask\85-with-mask.jpg</path>
	<source>
		<database>Unknown</database>
	</source>
	<size>
		<width>390</width>
		<height>551</height>
		<depth>3</depth>
	</size>
	<segmented>0</segmented>
	<object>
		<name>mask</name>
		<pose>Unspecified</pose>
		<truncated>0</truncated>
		<difficult>0</difficult>
		<bndbox>
			<xmin>50</xmin>
			<ymin>251</ymin>
			<xmax>299</xmax>
			<ymax>408</ymax>
		</bndbox>
	</object>
</annotation>
