<annotation>
	<folder>mask</folder>
	<filename>89-with-mask.jpg</filename>
	<path>D:\labelimg\data\mask\89-with-mask.jpg</path>
	<source>
		<database>Unknown</database>
	</source>
	<size>
		<width>531</width>
		<height>800</height>
		<depth>3</depth>
	</size>
	<segmented>0</segmented>
	<object>
		<name>mask</name>
		<pose>Unspecified</pose>
		<truncated>0</truncated>
		<difficult>0</difficult>
		<bndbox>
			<xmin>90</xmin>
			<ymin>388</ymin>
			<xmax>407</xmax>
			<ymax>546</ymax>
		</bndbox>
	</object>
</annotation>
