<annotation>
	<folder>mask</folder>
	<filename>94-with-mask.jpg</filename>
	<path>D:\labelimg\data\mask\94-with-mask.jpg</path>
	<source>
		<database>Unknown</database>
	</source>
	<size>
		<width>237</width>
		<height>252</height>
		<depth>3</depth>
	</size>
	<segmented>0</segmented>
	<object>
		<name>mask</name>
		<pose>Unspecified</pose>
		<truncated>0</truncated>
		<difficult>0</difficult>
		<bndbox>
			<xmin>62</xmin>
			<ymin>91</ymin>
			<xmax>160</xmax>
			<ymax>156</ymax>
		</bndbox>
	</object>
</annotation>
