<annotation>
	<folder>mask</folder>
	<filename>98-with-mask.jpg</filename>
	<path>D:\labelimg\data\mask\98-with-mask.jpg</path>
	<source>
		<database>Unknown</database>
	</source>
	<size>
		<width>459</width>
		<height>446</height>
		<depth>3</depth>
	</size>
	<segmented>0</segmented>
	<object>
		<name>mask</name>
		<pose>Unspecified</pose>
		<truncated>0</truncated>
		<difficult>0</difficult>
		<bndbox>
			<xmin>61</xmin>
			<ymin>238</ymin>
			<xmax>335</xmax>
			<ymax>416</ymax>
		</bndbox>
	</object>
</annotation>
