<annotation>
	<folder>mask</folder>
	<filename>augmented_image_100.jpg</filename>
	<path>D:\labelimg\data\mask\augmented_image_100.jpg</path>
	<source>
		<database>Unknown</database>
	</source>
	<size>
		<width>199</width>
		<height>253</height>
		<depth>3</depth>
	</size>
	<segmented>0</segmented>
	<object>
		<name>mask</name>
		<pose>Unspecified</pose>
		<truncated>0</truncated>
		<difficult>0</difficult>
		<bndbox>
			<xmin>45</xmin>
			<ymin>104</ymin>
			<xmax>164</xmax>
			<ymax>189</ymax>
		</bndbox>
	</object>
</annotation>
