<annotation>
	<folder>mask</folder>
	<filename>augmented_image_11.jpg</filename>
	<path>D:\labelimg\data\mask\augmented_image_11.jpg</path>
	<source>
		<database>Unknown</database>
	</source>
	<size>
		<width>184</width>
		<height>274</height>
		<depth>3</depth>
	</size>
	<segmented>0</segmented>
	<object>
		<name>mask</name>
		<pose>Unspecified</pose>
		<truncated>0</truncated>
		<difficult>0</difficult>
		<bndbox>
			<xmin>49</xmin>
			<ymin>113</ymin>
			<xmax>146</xmax>
			<ymax>171</ymax>
		</bndbox>
	</object>
</annotation>
