<annotation>
	<folder>mask</folder>
	<filename>augmented_image_108.jpg</filename>
	<path>D:\labelimg\data\mask\augmented_image_108.jpg</path>
	<source>
		<database>Unknown</database>
	</source>
	<size>
		<width>205</width>
		<height>246</height>
		<depth>3</depth>
	</size>
	<segmented>0</segmented>
	<object>
		<name>mask</name>
		<pose>Unspecified</pose>
		<truncated>0</truncated>
		<difficult>0</difficult>
		<bndbox>
			<xmin>37</xmin>
			<ymin>134</ymin>
			<xmax>163</xmax>
			<ymax>212</ymax>
		</bndbox>
	</object>
</annotation>
