<annotation>
	<folder>mask</folder>
	<filename>augmented_image_114.jpg</filename>
	<path>D:\labelimg\data\mask\augmented_image_114.jpg</path>
	<source>
		<database>Unknown</database>
	</source>
	<size>
		<width>303</width>
		<height>166</height>
		<depth>3</depth>
	</size>
	<segmented>0</segmented>
	<object>
		<name>mask</name>
		<pose>Unspecified</pose>
		<truncated>0</truncated>
		<difficult>0</difficult>
		<bndbox>
			<xmin>62</xmin>
			<ymin>44</ymin>
			<xmax>238</xmax>
			<ymax>161</ymax>
		</bndbox>
	</object>
</annotation>
