<annotation>
	<folder>mask</folder>
	<filename>augmented_image_102.jpg</filename>
	<path>D:\labelimg\data\mask\augmented_image_102.jpg</path>
	<source>
		<database>Unknown</database>
	</source>
	<size>
		<width>327</width>
		<height>475</height>
		<depth>3</depth>
	</size>
	<segmented>0</segmented>
	<object>
		<name>mask</name>
		<pose>Unspecified</pose>
		<truncated>0</truncated>
		<difficult>0</difficult>
		<bndbox>
			<xmin>21</xmin>
			<ymin>207</ymin>
			<xmax>307</xmax>
			<ymax>387</ymax>
		</bndbox>
	</object>
</annotation>
