{
    "info": {
        "year": "2020",
        "version": "1",
        "description": "Exported from roboflow.ai",
        "contributor": "",
        "url": "https://app.roboflow.ai/datasets/mask-xoabi/1",
        "date_created": "2020-10-27T07:08:42+00:00"
    },
    "licenses": [
        {
            "id": 1,
            "url": "",
            "name": "Unknown"
        }
    ],
    "categories": [
        {
            "id": 0,
            "name": "mask",
            "supercategory": "none"
        },
        {
            "id": 1,
            "name": "mask",
            "supercategory": "mask"
        }
    ],
    "images": [
        {
            "id": 0,
            "license": 1,
            "file_name": "augmented_image_101_jpg.rf.3a63937784b7e981ee586ee0f2bcf8da.jpg",
            "height": 416,
            "width": 416,
            "date_captured": "2020-10-27T07:08:42+00:00"
        },
        {
            "id": 1,
            "license": 1,
            "file_name": "augmented_image_86_jpg.rf.71932e66d417c0cd05cf78bfb5374a2a.jpg",
            "height": 416,
            "width": 416,
            "date_captured": "2020-10-27T07:08:42+00:00"
        },
        {
            "id": 2,
            "license": 1,
            "file_name": "augmented_image_0_jpg.rf.75d3440903ee1f1fd3f28cc585f926ad.jpg",
            "height": 416,
            "width": 416,
            "date_captured": "2020-10-27T07:08:42+00:00"
        },
        {
            "id": 3,
            "license": 1,
            "file_name": "10-with-mask_jpg.rf.14af76764f276a3d5cfcaacd21930c10.jpg",
            "height": 416,
            "width": 416,
            "date_captured": "2020-10-27T07:08:42+00:00"
        },
        {
            "id": 4,
            "license": 1,
            "file_name": "109-with-mask_jpg.rf.541154372a37f8102e80bc0cb9e72259.jpg",
            "height": 416,
            "width": 416,
            "date_captured": "2020-10-27T07:08:42+00:00"
        },
        {
            "id": 5,
            "license": 1,
            "file_name": "augmented_image_100_jpg.rf.0ca98dfc4a7bb3231378d300ec2dfc4f.jpg",
            "height": 416,
            "width": 416,
            "date_captured": "2020-10-27T07:08:42+00:00"
        },
        {
            "id": 6,
            "license": 1,
            "file_name": "augmented_image_99_jpg.rf.5580a7bd401587542a45bdfdaa7f86bf.jpg",
            "height": 416,
            "width": 416,
            "date_captured": "2020-10-27T07:08:42+00:00"
        },
        {
            "id": 7,
            "license": 1,
            "file_name": "augmented_image_89_jpg.rf.163954e7ae0b419217140b9599a445e9.jpg",
            "height": 416,
            "width": 416,
            "date_captured": "2020-10-27T07:08:42+00:00"
        },
        {
            "id": 8,
            "license": 1,
            "file_name": "104-with-mask_jpg.rf.80e394403ece73bb6a24744dcecfade9.jpg",
            "height": 416,
            "width": 416,
            "date_captured": "2020-10-27T07:08:42+00:00"
        },
        {
            "id": 9,
            "license": 1,
            "file_name": "augmented_image_90_jpg.rf.4945db8f55a3347f14dbd0d3aa39a920.jpg",
            "height": 416,
            "width": 416,
            "date_captured": "2020-10-27T07:08:42+00:00"
        },
        {
            "id": 10,
            "license": 1,
            "file_name": "augmented_image_117_jpg.rf.9a31b210002665ffea716afdd0b1b130.jpg",
            "height": 416,
            "width": 416,
            "date_captured": "2020-10-27T07:08:42+00:00"
        },
        {
            "id": 11,
            "license": 1,
            "file_name": "augmented_image_96_jpg.rf.58a3b135d07632b2587782f9506ecad3.jpg",
            "height": 416,
            "width": 416,
            "date_captured": "2020-10-27T07:08:42+00:00"
        },
        {
            "id": 12,
            "license": 1,
            "file_name": "106-with-mask_jpg.rf.8118ffc14e3827dbd4d9019ef957a850.jpg",
            "height": 416,
            "width": 416,
            "date_captured": "2020-10-27T07:08:42+00:00"
        },
        {
            "id": 13,
            "license": 1,
            "file_name": "augmented_image_10_jpg.rf.54a946d5aa5775f0398fad0c0cda48a5.jpg",
            "height": 416,
            "width": 416,
            "date_captured": "2020-10-27T07:08:42+00:00"
        },
        {
            "id": 14,
            "license": 1,
            "file_name": "1-with-mask_jpg.rf.a6c4ec4be42ad991638307e75ea1d181.jpg",
            "height": 416,
            "width": 416,
            "date_captured": "2020-10-27T07:08:42+00:00"
        },
        {
            "id": 15,
            "license": 1,
            "file_name": "augmented_image_93_jpg.rf.6c898ed0595d78242ad4f28302f69828.jpg",
            "height": 416,
            "width": 416,
            "date_captured": "2020-10-27T07:08:42+00:00"
        },
        {
            "id": 16,
            "license": 1,
            "file_name": "augmented_image_112_jpg.rf.8c4c8a8c81426715573cdf241da1b970.jpg",
            "height": 416,
            "width": 416,
            "date_captured": "2020-10-27T07:08:42+00:00"
        },
        {
            "id": 17,
            "license": 1,
            "file_name": "augmented_image_97_jpg.rf.a4102996f0ed3e34063bf50b9ad17aaa.jpg",
            "height": 416,
            "width": 416,
            "date_captured": "2020-10-27T07:08:42+00:00"
        },
        {
            "id": 18,
            "license": 1,
            "file_name": "augmented_image_103_jpg.rf.be73217d95510bfd3fd779261420dbf6.jpg",
            "height": 416,
            "width": 416,
            "date_captured": "2020-10-27T07:08:42+00:00"
        },
        {
            "id": 19,
            "license": 1,
            "file_name": "augmented_image_102_jpg.rf.c7bd52449be1d6350925d9f9b1576724.jpg",
            "height": 416,
            "width": 416,
            "date_captured": "2020-10-27T07:08:42+00:00"
        },
        {
            "id": 20,
            "license": 1,
            "file_name": "augmented_image_113_jpg.rf.c8d2571f6207d9db2d2e43fa3525089a.jpg",
            "height": 416,
            "width": 416,
            "date_captured": "2020-10-27T07:08:42+00:00"
        },
        {
            "id": 21,
            "license": 1,
            "file_name": "augmented_image_109_jpg.rf.2d8db4e4d375c7cdb45059b4691e18fc.jpg",
            "height": 416,
            "width": 416,
            "date_captured": "2020-10-27T07:08:42+00:00"
        },
        {
            "id": 22,
            "license": 1,
            "file_name": "augmented_image_115_jpg.rf.cdea8cbd9fd7abcdbb18bb5c59ec87fa.jpg",
            "height": 416,
            "width": 416,
            "date_captured": "2020-10-27T07:08:42+00:00"
        },
        {
            "id": 23,
            "license": 1,
            "file_name": "augmented_image_118_jpg.rf.d091bdb8c107375d5dc15fef798cba46.jpg",
            "height": 416,
            "width": 416,
            "date_captured": "2020-10-27T07:08:42+00:00"
        },
        {
            "id": 24,
            "license": 1,
            "file_name": "102-with-mask_jpg.rf.d174bf72ed33420306f8c7d725534b3f.jpg",
            "height": 416,
            "width": 416,
            "date_captured": "2020-10-27T07:08:42+00:00"
        },
        {
            "id": 25,
            "license": 1,
            "file_name": "augmented_image_106_jpg.rf.f2ac6a63f3c9f79abbae7846d3f18d54.jpg",
            "height": 416,
            "width": 416,
            "date_captured": "2020-10-27T07:08:42+00:00"
        },
        {
            "id": 26,
            "license": 1,
            "file_name": "augmented_image_87_jpg.rf.de4d1409917fb170ae748030caf3e2ce.jpg",
            "height": 416,
            "width": 416,
            "date_captured": "2020-10-27T07:08:42+00:00"
        },
        {
            "id": 27,
            "license": 1,
            "file_name": "105-with-mask_jpg.rf.fa77a0f0db0a80b85c798bb57bc10014.jpg",
            "height": 416,
            "width": 416,
            "date_captured": "2020-10-27T07:08:42+00:00"
        },
        {
            "id": 28,
            "license": 1,
            "file_name": "augmented_image_91_jpg.rf.fe51919aee0e5f58739b68db5061b61e.jpg",
            "height": 416,
            "width": 416,
            "date_captured": "2020-10-27T07:08:42+00:00"
        },
        {
            "id": 29,
            "license": 1,
            "file_name": "augmented_image_108_jpg.rf.fd9467de999a938d5f1324519e3883fb.jpg",
            "height": 416,
            "width": 416,
            "date_captured": "2020-10-27T07:08:42+00:00"
        },
        {
            "id": 30,
            "license": 1,
            "file_name": "augmented_image_114_jpg.rf.d938670b94c470efebfd3572124f846a.jpg",
            "height": 416,
            "width": 416,
            "date_captured": "2020-10-27T07:08:42+00:00"
        },
        {
            "id": 31,
            "license": 1,
            "file_name": "augmented_image_105_jpg.rf.d7ae1b10d6973f90559f19f5fb8d5535.jpg",
            "height": 416,
            "width": 416,
            "date_captured": "2020-10-27T07:08:42+00:00"
        }
    ],
    "annotations": [
        {
            "id": 0,
            "image_id": 0,
            "category_id": 1,
            "bbox": [
                29,
                190,
                372.5,
                156
            ],
            "area": 58110,
            "segmentation": [],
            "iscrowd": 0
        },
        {
            "id": 1,
            "image_id": 1,
            "category_id": 1,
            "bbox": [
                60,
                97,
                230.5,
                149.5
            ],
            "area": 34459.75,
            "segmentation": [],
            "iscrowd": 0
        },
        {
            "id": 2,
            "image_id": 2,
            "category_id": 1,
            "bbox": [
                26,
                186,
                321,
                167
            ],
            "area": 53607,
            "segmentation": [],
            "iscrowd": 0
        },
        {
            "id": 3,
            "image_id": 3,
            "category_id": 1,
            "bbox": [
                107,
                133,
                205.5,
                76
            ],
            "area": 15618,
            "segmentation": [],
            "iscrowd": 0
        },
        {
            "id": 4,
            "image_id": 4,
            "category_id": 1,
            "bbox": [
                59,
                177,
                234.5,
                115.5
            ],
            "area": 27084.75,
            "segmentation": [],
            "iscrowd": 0
        },
        {
            "id": 5,
            "image_id": 5,
            "category_id": 1,
            "bbox": [
                92,
                169,
                249,
                140
            ],
            "area": 34860,
            "segmentation": [],
            "iscrowd": 0
        },
        {
            "id": 6,
            "image_id": 6,
            "category_id": 1,
            "bbox": [
                94,
                178,
                234,
                143
            ],
            "area": 33462,
            "segmentation": [],
            "iscrowd": 0
        },
        {
            "id": 7,
            "image_id": 7,
            "category_id": 1,
            "bbox": [
                73,
                148,
                303,
                176
            ],
            "area": 53328,
            "segmentation": [],
            "iscrowd": 0
        },
        {
            "id": 8,
            "image_id": 8,
            "category_id": 1,
            "bbox": [
                44,
                228,
                273.5,
                136.5
            ],
            "area": 37332.75,
            "segmentation": [],
            "iscrowd": 0
        },
        {
            "id": 9,
            "image_id": 9,
            "category_id": 1,
            "bbox": [
                66,
                189,
                314.5,
                161.5
            ],
            "area": 50791.75,
            "segmentation": [],
            "iscrowd": 0
        },
        {
            "id": 10,
            "image_id": 10,
            "category_id": 1,
            "bbox": [
                56,
                190,
                321,
                168
            ],
            "area": 53928,
            "segmentation": [],
            "iscrowd": 0
        },
        {
            "id": 11,
            "image_id": 11,
            "category_id": 1,
            "bbox": [
                28,
                232,
                369,
                148.5
            ],
            "area": 54796.5,
            "segmentation": [],
            "iscrowd": 0
        },
        {
            "id": 12,
            "image_id": 12,
            "category_id": 1,
            "bbox": [
                110,
                187,
                241,
                129
            ],
            "area": 31089,
            "segmentation": [],
            "iscrowd": 0
        },
        {
            "id": 13,
            "image_id": 13,
            "category_id": 1,
            "bbox": [
                63,
                178,
                317,
                179
            ],
            "area": 56743,
            "segmentation": [],
            "iscrowd": 0
        },
        {
            "id": 14,
            "image_id": 14,
            "category_id": 1,
            "bbox": [
                130,
                136,
                182,
                184
            ],
            "area": 33488,
            "segmentation": [],
            "iscrowd": 0
        },
        {
            "id": 15,
            "image_id": 15,
            "category_id": 1,
            "bbox": [
                0,
                186,
                337,
                192.5
            ],
            "area": 64872.5,
            "segmentation": [],
            "iscrowd": 0
        },
        {
            "id": 16,
            "image_id": 16,
            "category_id": 1,
            "bbox": [
                75,
                218,
                251.5,
                140.5
            ],
            "area": 35335.75,
            "segmentation": [],
            "iscrowd": 0
        },
        {
            "id": 17,
            "image_id": 17,
            "category_id": 1,
            "bbox": [
                73,
                187,
                341.5,
                199.5
            ],
            "area": 68129.25,
            "segmentation": [],
            "iscrowd": 0
        },
        {
            "id": 18,
            "image_id": 18,
            "category_id": 1,
            "bbox": [
                33,
                174,
                379,
                168
            ],
            "area": 63672,
            "segmentation": [],
            "iscrowd": 0
        },
        {
            "id": 19,
            "image_id": 19,
            "category_id": 1,
            "bbox": [
                26,
                180,
                364,
                157.5
            ],
            "area": 57330,
            "segmentation": [],
            "iscrowd": 0
        },
        {
            "id": 20,
            "image_id": 20,
            "category_id": 1,
            "bbox": [
                88,
                113,
                241.5,
                295.5
            ],
            "area": 71363.25,
            "segmentation": [],
            "iscrowd": 0
        },
        {
            "id": 21,
            "image_id": 21,
            "category_id": 1,
            "bbox": [
                83,
                225,
                262,
                130
            ],
            "area": 34060,
            "segmentation": [],
            "iscrowd": 0
        },
        {
            "id": 22,
            "image_id": 22,
            "category_id": 1,
            "bbox": [
                80,
                113,
                244.5,
                293
            ],
            "area": 71638.5,
            "segmentation": [],
            "iscrowd": 0
        },
        {
            "id": 23,
            "image_id": 23,
            "category_id": 1,
            "bbox": [
                54,
                190,
                325,
                167
            ],
            "area": 54275,
            "segmentation": [],
            "iscrowd": 0
        },
        {
            "id": 24,
            "image_id": 24,
            "category_id": 1,
            "bbox": [
                41,
                173,
                351,
                158.5
            ],
            "area": 55633.5,
            "segmentation": [],
            "iscrowd": 0
        },
        {
            "id": 25,
            "image_id": 25,
            "category_id": 1,
            "bbox": [
                75,
                176,
                295,
                142
            ],
            "area": 41890,
            "segmentation": [],
            "iscrowd": 0
        },
        {
            "id": 26,
            "image_id": 26,
            "category_id": 1,
            "bbox": [
                43,
                140,
                242.5,
                122.5
            ],
            "area": 29706.25,
            "segmentation": [],
            "iscrowd": 0
        },
        {
            "id": 27,
            "image_id": 27,
            "category_id": 1,
            "bbox": [
                47,
                181,
                233.5,
                123
            ],
            "area": 28720.5,
            "segmentation": [],
            "iscrowd": 0
        },
        {
            "id": 28,
            "image_id": 28,
            "category_id": 1,
            "bbox": [
                66,
                189,
                322.5,
                160.5
            ],
            "area": 51761.25,
            "segmentation": [],
            "iscrowd": 0
        },
        {
            "id": 29,
            "image_id": 29,
            "category_id": 1,
            "bbox": [
                73,
                225,
                255.5,
                132
            ],
            "area": 33726,
            "segmentation": [],
            "iscrowd": 0
        },
        {
            "id": 30,
            "image_id": 30,
            "category_id": 1,
            "bbox": [
                84,
                108,
                241.5,
                293
            ],
            "area": 70759.5,
            "segmentation": [],
            "iscrowd": 0
        },
        {
            "id": 31,
            "image_id": 31,
            "category_id": 1,
            "bbox": [
                34,
                197,
                367.5,
                143.5
            ],
            "area": 52736.25,
            "segmentation": [],
            "iscrowd": 0
        }
    ]
}