{
    "info": {
        "year": "2020",
        "version": "1",
        "description": "Exported from roboflow.ai",
        "contributor": "",
        "url": "https://app.roboflow.ai/datasets/mask-fmzwb/1",
        "date_created": "2020-10-28T08:05:41+00:00"
    },
    "licenses": [
        {
            "id": 1,
            "url": "",
            "name": "Unknown"
        }
    ],
    "categories": [
        {
            "id": 0,
            "name": "mask",
            "supercategory": "none"
        },
        {
            "id": 1,
            "name": "mask",
            "supercategory": "mask"
        }
    ],
    "images": [
        {
            "id": 0,
            "license": 1,
            "file_name": "augmented_image_87_jpg.rf.0d5586e4645fb3ca38ba222c60ca69c5.jpg",
            "height": 309,
            "width": 278,
            "date_captured": "2020-10-28T08:05:41+00:00"
        },
        {
            "id": 1,
            "license": 1,
            "file_name": "augmented_image_106_jpg.rf.34dd2658cd49784b7d060cfe19e3e170.jpg",
            "height": 433,
            "width": 327,
            "date_captured": "2020-10-28T08:05:41+00:00"
        },
        {
            "id": 2,
            "license": 1,
            "file_name": "augmented_image_112_jpg.rf.51ec55e5c2a7fa370f1aa207955cd0ce.jpg",
            "height": 246,
            "width": 205,
            "date_captured": "2020-10-28T08:05:41+00:00"
        },
        {
            "id": 3,
            "license": 1,
            "file_name": "augmented_image_115_jpg.rf.2c273a6ee9b1c3dd9109e4b3a512a5a1.jpg",
            "height": 166,
            "width": 303,
            "date_captured": "2020-10-28T08:05:41+00:00"
        },
        {
            "id": 4,
            "license": 1,
            "file_name": "augmented_image_93_jpg.rf.63b622dee3b32546fce656b4124ed32c.jpg",
            "height": 400,
            "width": 273,
            "date_captured": "2020-10-28T08:05:41+00:00"
        },
        {
            "id": 5,
            "license": 1,
            "file_name": "109-with-mask_jpg.rf.8eafa529b37b0839c98770b65d655f02.jpg",
            "height": 374,
            "width": 296,
            "date_captured": "2020-10-28T08:05:41+00:00"
        },
        {
            "id": 6,
            "license": 1,
            "file_name": "augmented_image_90_jpg.rf.a787c1a9a2ddc94bb6e45ae91e7cd76b.jpg",
            "height": 428,
            "width": 320,
            "date_captured": "2020-10-28T08:05:41+00:00"
        },
        {
            "id": 7,
            "license": 1,
            "file_name": "100-with-mask_jpg.rf.9e440534146fc4f689aa9030d9578948.jpg",
            "height": 428,
            "width": 320,
            "date_captured": "2020-10-28T08:05:41+00:00"
        },
        {
            "id": 8,
            "license": 1,
            "file_name": "102-with-mask_jpg.rf.c01f3552931f8c51db41a49b82384c1c.jpg",
            "height": 433,
            "width": 320,
            "date_captured": "2020-10-28T08:05:41+00:00"
        },
        {
            "id": 9,
            "license": 1,
            "file_name": "105-with-mask_jpg.rf.8b0f745004dee1b44f2c3e0f34edb9a8.jpg",
            "height": 244,
            "width": 214,
            "date_captured": "2020-10-28T08:05:41+00:00"
        },
        {
            "id": 10,
            "license": 1,
            "file_name": "106-with-mask_jpg.rf.667951d3a476ac4b7fea9eb63e8c8bc3.jpg",
            "height": 484,
            "width": 428,
            "date_captured": "2020-10-28T08:05:41+00:00"
        },
        {
            "id": 11,
            "license": 1,
            "file_name": "10-with-mask_jpg.rf.41b11b0d3f42e886628a9cddf4076511.jpg",
            "height": 350,
            "width": 233,
            "date_captured": "2020-10-28T08:05:41+00:00"
        },
        {
            "id": 12,
            "license": 1,
            "file_name": "augmented_image_114_jpg.rf.74203200970aaad62b9ee64f04d403f1.jpg",
            "height": 166,
            "width": 303,
            "date_captured": "2020-10-28T08:05:41+00:00"
        },
        {
            "id": 13,
            "license": 1,
            "file_name": "augmented_image_92_jpg.rf.78644f1e717c0e45444ff6930ee55beb.jpg",
            "height": 428,
            "width": 320,
            "date_captured": "2020-10-28T08:05:41+00:00"
        },
        {
            "id": 14,
            "license": 1,
            "file_name": "augmented_image_104_jpg.rf.123fbe45e81c98b677b8c8ed010d9966.jpg",
            "height": 475,
            "width": 327,
            "date_captured": "2020-10-28T08:05:41+00:00"
        },
        {
            "id": 15,
            "license": 1,
            "file_name": "1-with-mask_jpg.rf.6ea77a225689b4de48dd1b98a92dcafd.jpg",
            "height": 350,
            "width": 525,
            "date_captured": "2020-10-28T08:05:41+00:00"
        },
        {
            "id": 16,
            "license": 1,
            "file_name": "augmented_image_98_jpg.rf.79297104741e5c1c3dfc380de7dbb747.jpg",
            "height": 253,
            "width": 199,
            "date_captured": "2020-10-28T08:05:41+00:00"
        },
        {
            "id": 17,
            "license": 1,
            "file_name": "augmented_image_105_jpg.rf.c46c05c4a72e16246163f5106cd32b01.jpg",
            "height": 475,
            "width": 327,
            "date_captured": "2020-10-28T08:05:41+00:00"
        },
        {
            "id": 18,
            "license": 1,
            "file_name": "augmented_image_89_jpg.rf.c6d72819f3476022beb09d1da5ee63be.jpg",
            "height": 433,
            "width": 320,
            "date_captured": "2020-10-28T08:05:41+00:00"
        },
        {
            "id": 19,
            "license": 1,
            "file_name": "augmented_image_117_jpg.rf.ac78badcd7db4903a63bbf9a052d8ead.jpg",
            "height": 428,
            "width": 320,
            "date_captured": "2020-10-28T08:05:41+00:00"
        },
        {
            "id": 20,
            "license": 1,
            "file_name": "augmented_image_99_jpg.rf.0d97e116d93bb4017ffd72223d72aaba.jpg",
            "height": 253,
            "width": 199,
            "date_captured": "2020-10-28T08:05:41+00:00"
        },
        {
            "id": 21,
            "license": 1,
            "file_name": "augmented_image_94_jpg.rf.4bee43084d2fde9495973e45e3b0d24c.jpg",
            "height": 400,
            "width": 273,
            "date_captured": "2020-10-28T08:05:41+00:00"
        },
        {
            "id": 22,
            "license": 1,
            "file_name": "augmented_image_96_jpg.rf.3ae34222dcdcea7fe8700dbc6a32892c.jpg",
            "height": 400,
            "width": 273,
            "date_captured": "2020-10-28T08:05:41+00:00"
        },
        {
            "id": 23,
            "license": 1,
            "file_name": "104-with-mask_jpg.rf.9837511a80d9da4957e7eb745833ab69.jpg",
            "height": 341,
            "width": 324,
            "date_captured": "2020-10-28T08:05:41+00:00"
        },
        {
            "id": 24,
            "license": 1,
            "file_name": "augmented_image_86_jpg.rf.c96d8005db38eeb74806ba62cc11009c.jpg",
            "height": 309,
            "width": 278,
            "date_captured": "2020-10-28T08:05:41+00:00"
        },
        {
            "id": 25,
            "license": 1,
            "file_name": "augmented_image_118_jpg.rf.cf2e07b6f4c64235442a718efa73c1cd.jpg",
            "height": 428,
            "width": 320,
            "date_captured": "2020-10-28T08:05:41+00:00"
        },
        {
            "id": 26,
            "license": 1,
            "file_name": "augmented_image_11_jpg.rf.cac96428815489ad6641caa6bd526c90.jpg",
            "height": 274,
            "width": 184,
            "date_captured": "2020-10-28T08:05:41+00:00"
        },
        {
            "id": 27,
            "license": 1,
            "file_name": "augmented_image_107_jpg.rf.d96463c4495d5dd33044ab0d34eb2ffa.jpg",
            "height": 433,
            "width": 327,
            "date_captured": "2020-10-28T08:05:41+00:00"
        },
        {
            "id": 28,
            "license": 1,
            "file_name": "augmented_image_91_jpg.rf.dcde316c9ee00ba1436f88b4eafdef3c.jpg",
            "height": 428,
            "width": 320,
            "date_captured": "2020-10-28T08:05:41+00:00"
        },
        {
            "id": 29,
            "license": 1,
            "file_name": "augmented_image_102_jpg.rf.097be334336af6e01f5bce53274adcd3.jpg",
            "height": 475,
            "width": 327,
            "date_captured": "2020-10-28T08:05:41+00:00"
        },
        {
            "id": 30,
            "license": 1,
            "file_name": "augmented_image_0_jpg.rf.c2873056c76ec91967f628023b7967f5.jpg",
            "height": 428,
            "width": 320,
            "date_captured": "2020-10-28T08:05:41+00:00"
        },
        {
            "id": 31,
            "license": 1,
            "file_name": "augmented_image_10_jpg.rf.e21acb604e0a36fc3eb9aa68ccc764b8.jpg",
            "height": 428,
            "width": 320,
            "date_captured": "2020-10-28T08:05:41+00:00"
        },
        {
            "id": 32,
            "license": 1,
            "file_name": "augmented_image_101_jpg.rf.eb4ee3738027e913c70f66416de9feb9.jpg",
            "height": 475,
            "width": 327,
            "date_captured": "2020-10-28T08:05:41+00:00"
        },
        {
            "id": 33,
            "license": 1,
            "file_name": "augmented_image_108_jpg.rf.6be685d178b3251ad8bb7304b73cb987.jpg",
            "height": 246,
            "width": 205,
            "date_captured": "2020-10-28T08:05:41+00:00"
        },
        {
            "id": 34,
            "license": 1,
            "file_name": "107-with-mask_jpg.rf.f7a97026a273da650f826eb10afc9b3a.jpg",
            "height": 433,
            "width": 320,
            "date_captured": "2020-10-28T08:05:41+00:00"
        },
        {
            "id": 35,
            "license": 1,
            "file_name": "augmented_image_88_jpg.rf.e888b586ba1db396c386451e4adccb80.jpg",
            "height": 433,
            "width": 320,
            "date_captured": "2020-10-28T08:05:41+00:00"
        },
        {
            "id": 36,
            "license": 1,
            "file_name": "augmented_image_1_jpg.rf.c31879aa0b4691e21ff9f67a08ef66c3.jpg",
            "height": 428,
            "width": 320,
            "date_captured": "2020-10-28T08:05:41+00:00"
        },
        {
            "id": 37,
            "license": 1,
            "file_name": "augmented_image_113_jpg.rf.ed010d361d5df276ab637cffee4d963d.jpg",
            "height": 166,
            "width": 303,
            "date_captured": "2020-10-28T08:05:41+00:00"
        },
        {
            "id": 38,
            "license": 1,
            "file_name": "103-with-mask_jpg.rf.fe763f04b1110882661fd9cefab93dba.jpg",
            "height": 428,
            "width": 320,
            "date_captured": "2020-10-28T08:05:41+00:00"
        },
        {
            "id": 39,
            "license": 1,
            "file_name": "101-with-mask_jpg.rf.fab704d9942ab642dc9449c3021639ec.jpg",
            "height": 428,
            "width": 320,
            "date_captured": "2020-10-28T08:05:41+00:00"
        },
        {
            "id": 40,
            "license": 1,
            "file_name": "augmented_image_100_jpg.rf.fe57416d4b35cb11880932e0b230d01c.jpg",
            "height": 253,
            "width": 199,
            "date_captured": "2020-10-28T08:05:41+00:00"
        },
        {
            "id": 41,
            "license": 1,
            "file_name": "augmented_image_109_jpg.rf.e93828945f1a10dd4d972daeba1f809c.jpg",
            "height": 246,
            "width": 205,
            "date_captured": "2020-10-28T08:05:41+00:00"
        },
        {
            "id": 42,
            "license": 1,
            "file_name": "108-with-mask_jpg.rf.e19cee117624bb275563ad64b0260180.jpg",
            "height": 428,
            "width": 320,
            "date_captured": "2020-10-28T08:05:41+00:00"
        },
        {
            "id": 43,
            "license": 1,
            "file_name": "augmented_image_97_jpg.rf.ff0feafa784dbf4374dcc27b1c4b3b9b.jpg",
            "height": 400,
            "width": 273,
            "date_captured": "2020-10-28T08:05:41+00:00"
        },
        {
            "id": 44,
            "license": 1,
            "file_name": "0-with-mask_jpg.rf.ff1209d7bda5020798ec9113e2c79eb2.jpg",
            "height": 350,
            "width": 525,
            "date_captured": "2020-10-28T08:05:41+00:00"
        },
        {
            "id": 45,
            "license": 1,
            "file_name": "augmented_image_103_jpg.rf.ed7dd27ca0a4b41c46eb82aeee134841.jpg",
            "height": 475,
            "width": 327,
            "date_captured": "2020-10-28T08:05:41+00:00"
        }
    ],
    "annotations": [
        {
            "id": 0,
            "image_id": 0,
            "category_id": 1,
            "bbox": [
                29,
                104,
                162,
                91
            ],
            "area": 14742,
            "segmentation": [],
            "iscrowd": 0
        },
        {
            "id": 1,
            "image_id": 1,
            "category_id": 1,
            "bbox": [
                59,
                183,
                232,
                148
            ],
            "area": 34336,
            "segmentation": [],
            "iscrowd": 0
        },
        {
            "id": 2,
            "image_id": 2,
            "category_id": 1,
            "bbox": [
                37,
                129,
                124,
                83
            ],
            "area": 10292,
            "segmentation": [],
            "iscrowd": 0
        },
        {
            "id": 3,
            "image_id": 3,
            "category_id": 1,
            "bbox": [
                58,
                45,
                178,
                117
            ],
            "area": 20826,
            "segmentation": [],
            "iscrowd": 0
        },
        {
            "id": 4,
            "image_id": 4,
            "category_id": 1,
            "bbox": [
                0,
                179,
                221,
                185
            ],
            "area": 40885,
            "segmentation": [],
            "iscrowd": 0
        },
        {
            "id": 5,
            "image_id": 5,
            "category_id": 1,
            "bbox": [
                42,
                159,
                167,
                104
            ],
            "area": 17368,
            "segmentation": [],
            "iscrowd": 0
        },
        {
            "id": 6,
            "image_id": 6,
            "category_id": 1,
            "bbox": [
                51,
                195,
                242,
                166
            ],
            "area": 40172,
            "segmentation": [],
            "iscrowd": 0
        },
        {
            "id": 7,
            "image_id": 7,
            "category_id": 1,
            "bbox": [
                31,
                194,
                247,
                160
            ],
            "area": 39520,
            "segmentation": [],
            "iscrowd": 0
        },
        {
            "id": 8,
            "image_id": 8,
            "category_id": 1,
            "bbox": [
                31,
                180,
                270,
                165
            ],
            "area": 44550,
            "segmentation": [],
            "iscrowd": 0
        },
        {
            "id": 9,
            "image_id": 9,
            "category_id": 1,
            "bbox": [
                24,
                106,
                120,
                72
            ],
            "area": 8640,
            "segmentation": [],
            "iscrowd": 0
        },
        {
            "id": 10,
            "image_id": 10,
            "category_id": 1,
            "bbox": [
                113,
                217,
                248,
                150
            ],
            "area": 37200,
            "segmentation": [],
            "iscrowd": 0
        },
        {
            "id": 11,
            "image_id": 11,
            "category_id": 1,
            "bbox": [
                60,
                112,
                115,
                64
            ],
            "area": 7360,
            "segmentation": [],
            "iscrowd": 0
        },
        {
            "id": 12,
            "image_id": 12,
            "category_id": 1,
            "bbox": [
                61,
                43,
                176,
                117
            ],
            "area": 20592,
            "segmentation": [],
            "iscrowd": 0
        },
        {
            "id": 13,
            "image_id": 13,
            "category_id": 1,
            "bbox": [
                43,
                178,
                252,
                188
            ],
            "area": 47376,
            "segmentation": [],
            "iscrowd": 0
        },
        {
            "id": 14,
            "image_id": 14,
            "category_id": 1,
            "bbox": [
                19,
                208,
                288,
                179
            ],
            "area": 51552,
            "segmentation": [],
            "iscrowd": 0
        },
        {
            "id": 15,
            "image_id": 15,
            "category_id": 1,
            "bbox": [
                164,
                114,
                230,
                155
            ],
            "area": 35650,
            "segmentation": [],
            "iscrowd": 0
        },
        {
            "id": 16,
            "image_id": 16,
            "category_id": 1,
            "bbox": [
                45,
                103,
                113,
                90
            ],
            "area": 10170,
            "segmentation": [],
            "iscrowd": 0
        },
        {
            "id": 17,
            "image_id": 17,
            "category_id": 1,
            "bbox": [
                27,
                225,
                289,
                164
            ],
            "area": 47396,
            "segmentation": [],
            "iscrowd": 0
        },
        {
            "id": 18,
            "image_id": 18,
            "category_id": 1,
            "bbox": [
                56,
                154,
                233,
                183
            ],
            "area": 42639,
            "segmentation": [],
            "iscrowd": 0
        },
        {
            "id": 19,
            "image_id": 19,
            "category_id": 1,
            "bbox": [
                43,
                195,
                247,
                173
            ],
            "area": 42731,
            "segmentation": [],
            "iscrowd": 0
        },
        {
            "id": 20,
            "image_id": 20,
            "category_id": 1,
            "bbox": [
                45,
                108,
                112,
                87
            ],
            "area": 9744,
            "segmentation": [],
            "iscrowd": 0
        },
        {
            "id": 21,
            "image_id": 21,
            "category_id": 1,
            "bbox": [
                0,
                181,
                223,
                184
            ],
            "area": 41032,
            "segmentation": [],
            "iscrowd": 0
        },
        {
            "id": 22,
            "image_id": 22,
            "category_id": 1,
            "bbox": [
                18,
                223,
                242,
                143
            ],
            "area": 34606,
            "segmentation": [],
            "iscrowd": 0
        },
        {
            "id": 23,
            "image_id": 23,
            "category_id": 1,
            "bbox": [
                34,
                187,
                213,
                112
            ],
            "area": 23856,
            "segmentation": [],
            "iscrowd": 0
        },
        {
            "id": 24,
            "image_id": 24,
            "category_id": 1,
            "bbox": [
                40,
                72,
                154,
                111
            ],
            "area": 17094,
            "segmentation": [],
            "iscrowd": 0
        },
        {
            "id": 25,
            "image_id": 25,
            "category_id": 1,
            "bbox": [
                41,
                195,
                250,
                172
            ],
            "area": 43000,
            "segmentation": [],
            "iscrowd": 0
        },
        {
            "id": 26,
            "image_id": 26,
            "category_id": 1,
            "bbox": [
                48,
                112,
                97,
                58
            ],
            "area": 5626,
            "segmentation": [],
            "iscrowd": 0
        },
        {
            "id": 27,
            "image_id": 27,
            "category_id": 1,
            "bbox": [
                47,
                166,
                243,
                161
            ],
            "area": 39123,
            "segmentation": [],
            "iscrowd": 0
        },
        {
            "id": 28,
            "image_id": 28,
            "category_id": 1,
            "bbox": [
                51,
                195,
                248,
                165
            ],
            "area": 40920,
            "segmentation": [],
            "iscrowd": 0
        },
        {
            "id": 29,
            "image_id": 29,
            "category_id": 1,
            "bbox": [
                20,
                206,
                286,
                180
            ],
            "area": 51480,
            "segmentation": [],
            "iscrowd": 0
        },
        {
            "id": 30,
            "image_id": 30,
            "category_id": 1,
            "bbox": [
                20,
                191,
                247,
                172
            ],
            "area": 42484,
            "segmentation": [],
            "iscrowd": 0
        },
        {
            "id": 31,
            "image_id": 31,
            "category_id": 1,
            "bbox": [
                48,
                183,
                244,
                184
            ],
            "area": 44896,
            "segmentation": [],
            "iscrowd": 0
        },
        {
            "id": 32,
            "image_id": 32,
            "category_id": 1,
            "bbox": [
                23,
                217,
                293,
                178
            ],
            "area": 52154,
            "segmentation": [],
            "iscrowd": 0
        },
        {
            "id": 33,
            "image_id": 33,
            "category_id": 1,
            "bbox": [
                36,
                133,
                126,
                78
            ],
            "area": 9828,
            "segmentation": [],
            "iscrowd": 0
        },
        {
            "id": 34,
            "image_id": 34,
            "category_id": 1,
            "bbox": [
                26,
                210,
                246,
                157
            ],
            "area": 38622,
            "segmentation": [],
            "iscrowd": 0
        },
        {
            "id": 35,
            "image_id": 35,
            "category_id": 1,
            "bbox": [
                54,
                158,
                236,
                179
            ],
            "area": 42244,
            "segmentation": [],
            "iscrowd": 0
        },
        {
            "id": 36,
            "image_id": 36,
            "category_id": 1,
            "bbox": [
                31,
                201,
                264,
                161
            ],
            "area": 42504,
            "segmentation": [],
            "iscrowd": 0
        },
        {
            "id": 37,
            "image_id": 37,
            "category_id": 1,
            "bbox": [
                64,
                45,
                176,
                118
            ],
            "area": 20768,
            "segmentation": [],
            "iscrowd": 0
        },
        {
            "id": 38,
            "image_id": 38,
            "category_id": 1,
            "bbox": [
                33,
                215,
                247,
                180
            ],
            "area": 44460,
            "segmentation": [],
            "iscrowd": 0
        },
        {
            "id": 39,
            "image_id": 39,
            "category_id": 1,
            "bbox": [
                36,
                200,
                252,
                176
            ],
            "area": 44352,
            "segmentation": [],
            "iscrowd": 0
        },
        {
            "id": 40,
            "image_id": 40,
            "category_id": 1,
            "bbox": [
                44,
                103,
                119,
                85
            ],
            "area": 10115,
            "segmentation": [],
            "iscrowd": 0
        },
        {
            "id": 41,
            "image_id": 41,
            "category_id": 1,
            "bbox": [
                41,
                133,
                129,
                77
            ],
            "area": 9933,
            "segmentation": [],
            "iscrowd": 0
        },
        {
            "id": 42,
            "image_id": 42,
            "category_id": 1,
            "bbox": [
                36,
                197,
                240,
                165
            ],
            "area": 39600,
            "segmentation": [],
            "iscrowd": 0
        },
        {
            "id": 43,
            "image_id": 43,
            "category_id": 1,
            "bbox": [
                48,
                180,
                224,
                192
            ],
            "area": 43008,
            "segmentation": [],
            "iscrowd": 0
        },
        {
            "id": 44,
            "image_id": 44,
            "category_id": 1,
            "bbox": [
                237,
                123,
                129,
                82
            ],
            "area": 10578,
            "segmentation": [],
            "iscrowd": 0
        },
        {
            "id": 45,
            "image_id": 45,
            "category_id": 1,
            "bbox": [
                26,
                198,
                298,
                192
            ],
            "area": 57216,
            "segmentation": [],
            "iscrowd": 0
        }
    ]
}